iteration,timestamp,function_value,gradient_norm,x1,x2
0,0.0001201629638671875,839.5718104819802,1.5140562595539566,-2.5260005543166884,1.0698457092563256
1,0.0013692378997802734,839.5492643773035,1.507207644052927,-2.5159403840423744,1.0810689201284855
2,0.001462697982788086,839.5061015326185,1.5206187231188009,-2.496786515684468,1.1025374783105153
3,0.0015079975128173828,839.4443024593578,1.5119359872536624,-2.469471340147222,1.1331310607606762
4,0.0015561580657958984,839.3653017292336,1.5229350021157122,-2.4347993021321503,1.172073952302804
5,0.0015900135040283203,839.270729869856,1.510535168464837,-2.393688486540126,1.2185262024600305
6,0.0016179084777832031,839.1619802373609,1.5040795712119583,-2.3468683496106237,1.2717255593470806
7,0.001641988754272461,839.0403546155295,1.4971611874348616,-2.2950529775526882,1.3310286409642746
8,0.0016639232635498047,838.9071766457195,1.4837935448098247,-2.238870503261169,1.3957586946055465
9,0.0016846656799316406,838.7635841668499,1.4792194600260715,-2.1789835997046474,1.46550037262632
10,0.0017046928405761719,838.6106956451733,1.4726684289388463,-2.115882921400483,1.5397652680339173
11,0.0017232894897460938,838.4499819246419,1.4418093450612917,-2.050191748765707,1.6179465752918578
12,0.001741647720336914,838.2823766127542,1.4399457066532628,-1.9822216231784027,1.699670034270473
13,0.001760244369506836,838.109007027137,1.4264138695089907,-1.912460870767445,1.7846105328724429
14,0.0017786026000976562,837.9309628895371,1.408640848537758,-1.8411231223269617,1.8722494735555393
15,0.001796722412109375,837.7492649426057,1.3926960303236513,-1.7684437394434396,1.9621756586050882
16,0.001817464828491211,837.565119229336,1.3645257022281723,-1.6948581907479008,2.054035206174765
17,0.001836538314819336,837.3792809558262,1.3605293260198645,-1.620581864357163,2.147677493073737
18,0.0018572807312011719,837.1928071974022,1.3351514608490593,-1.5459260397598986,2.242786601568929
19,0.0018761157989501953,837.0071014965351,1.2845162748653725,-1.4713966826857066,2.3389268861989705
20,0.0018992424011230469,836.8229868669365,1.2599040410289948,-1.39713852850744,2.4358048829483656
21,0.001918792724609375,836.6412764522794,1.2241657698810997,-1.3231124732841115,2.532900059915099
22,0.0019450187683105469,836.4626447704691,1.204912527878017,-1.2496066151998189,2.630175808913228
23,0.0019681453704833984,836.2881627691294,1.1579042720603947,-1.1771237118712157,2.727421163817633
24,0.001992940902709961,836.1182905319125,1.128361656536055,-1.1055385124013393,2.82426882912014
25,0.0020143985748291016,835.953495453901,1.0980474017613695,-1.0348550221900807,2.9204552044763634
26,0.0020437240600585938,835.7945220089947,1.0505222343147873,-0.9653875787949295,3.015747061471993
27,0.00206756591796875,835.6417977855497,1.017365178385795,-0.8972934791136645,3.1100209251689774
28,0.002087116241455078,835.4958434671881,0.9712539291136701,-0.8307800082041263,3.2030523439549454
29,0.0021500587463378906,835.3567607778986,0.9413943955230357,-0.7657205845819649,3.2946298511140006
30,0.0021734237670898438,835.22525238075,0.8729274007300416,-0.7025422589772389,3.3844530553675347
31,0.0021948814392089844,835.101180340899,0.8469310658895438,-0.641026847639533,3.4723693161268874
32,0.0022153854370117188,834.9845077971884,0.8236585320126107,-0.5812016921170636,3.5584176977035953
33,0.0022344589233398438,834.8754047884286,0.7697475095302136,-0.523067449274961,3.6422513324860533
34,0.0022530555725097656,834.773761515483,0.7574749970528726,-0.46679838907971216,3.7241659850513815
35,0.002271413803100586,834.6796568579975,0.7117628211380228,-0.41247029315010536,3.8039780527779894
36,0.0022897720336914062,834.593103943302,0.6682140645662333,-0.3601639450140161,3.8815548393326376
37,0.0023086071014404297,834.5142266430262,0.6115986365309457,-0.31012618547591436,3.956724794962524
38,0.0023267269134521484,834.4427681200516,0.5814088842176133,-0.2622701260337386,4.029461013523446
39,0.0023450851440429688,834.3784074500004,0.551951077395438,-0.21631777956287127,4.099631018440498
40,0.002371549606323242,834.3210965849923,0.5217154558678524,-0.17257915256075732,4.1674259068739286
41,0.0023920536041259766,834.2707281974956,0.47872049105577436,-0.1310778967303453,4.232725315661518
42,0.0024106502532958984,834.2271315644679,0.45280446669683805,-0.09178692870385308,4.295586264707632
43,0.002428770065307617,834.1903971920868,0.398005394442806,-0.054803370606084395,4.355795807430498
44,0.0024466514587402344,834.1607847900035,0.36807128200059064,-0.020350766956243993,4.413475072165655
45,0.0024650096893310547,834.1389520367278,0.34162793016965387,0.011425848234147384,4.468714951399337
46,0.0024831295013427734,834.115897369574,0.3522510232288855,0.041761405024099064,4.521495526697447
47,0.0025031566619873047,834.0911916571584,0.4206905489674568,0.0720871593126382,4.571922932586703
48,0.002521991729736328,834.0651890231144,0.4814499409843635,0.10340306742640537,4.619952792381912
49,0.0025403499603271484,834.037793205483,0.5168340648992571,0.1361239886340014,4.665655745774532
50,0.0025589466094970703,834.0085287304436,0.5857137812512659,0.17098295939119687,4.709032603119711
51,0.0025773048400878906,833.9769955848412,0.6272618268861965,0.20827666683486665,4.75014344936719
52,0.002598285675048828,833.9427321984432,0.6744395607309753,0.24832183825513668,4.789010201463224
53,0.0026175975799560547,833.9052678219779,0.7219144463684599,0.29137467123124994,4.825706494156797
54,0.002635955810546875,833.8641406124854,0.7702725460466312,0.3376053949800801,4.860559105376674
55,0.002653837203979492,833.8190836163494,0.797780093759753,0.3870430989300838,4.893454717381476
56,0.002671957015991211,833.7696069479774,0.8546951430928048,0.43996241994656005,4.924497161198417
57,0.0026903152465820312,833.7154848274405,0.8856402423586036,0.4963557102403239,4.953698229155435
58,0.0027086734771728516,833.6566542403797,0.9042433481352751,0.5560845799597238,4.98108219597804
59,0.0027267932891845703,833.5927657977473,0.9567183256504775,0.6193569181322134,5.006712639149823
60,0.0027451515197753906,833.5236128476981,0.999106024116475,0.6862638958700464,5.030543165419595
61,0.0027632713317871094,833.449324880284,1.0136404068144804,0.756587833114913,5.05275349666788
62,0.002782106399536133,833.3700101697485,1.0350110238577401,0.830194835117661,5.073589020676808
63,0.002801179885864258,833.2856687285322,1.0700895221006792,0.9071216563811512,5.093001039687538
64,0.002820730209350586,833.1966255469858,1.0800687089752916,0.9871289711242,5.11124226511428
65,0.0028400421142578125,833.1030537469695,1.1059177958005715,1.0701805580194887,5.128219110793255
66,0.002858400344848633,833.0052640078243,1.1228097039975726,1.1561415146313854,5.144050101377141
67,0.0028769969940185547,832.903566981366,1.1418102226542648,1.2449170407578913,5.1587100350140656
68,0.0028955936431884766,832.798469043545,1.1458062973942467,1.3362686340528185,5.172223038016977
69,0.002913951873779297,832.6905236267562,1.1460956938292604,1.4299451979966424,5.184522417223833
70,0.0029320716857910156,832.5801699287382,1.155771744411138,1.525807479223706,5.195908701031055
71,0.002950429916381836,832.4679948544491,1.1527023721037226,1.6236093046683857,5.206326202930613
72,0.0029685497283935547,832.3546016686554,1.1464334234544242,1.7230943804175831,5.215845714016047
73,0.002986431121826172,832.2405663338059,1.1400407740277618,1.8240306364797587,5.224541386065344
74,0.003004312515258789,832.1263971191605,1.1368277878228545,1.9262413745884523,5.232429702744869
75,0.0030226707458496094,832.0127341839959,1.1189142346925403,2.0294201255563538,5.239493889749934
76,0.003042459487915039,831.9003133508573,1.0867830090887702,2.1331487961597912,5.245823935492837
77,0.003062009811401367,831.789461547512,1.0855173309696529,2.237359225257552,5.251411927812197
78,0.0030999183654785156,831.6807092625909,1.0621865628407337,2.341770471363181,5.256430106459952
79,0.003130197525024414,831.5745315591942,1.0377841076197272,2.4461174193544037,5.260801356004701
80,0.0031502246856689453,831.4714880398528,0.9979452172774943,2.5500091232792537,5.2647408416891945
81,0.003168821334838867,831.3719155652655,0.9715422704710316,2.653223794399188,5.268033749014194
82,0.0031871795654296875,831.2760573077869,0.9484001339305728,2.7556008088830493,5.270937197003792
83,0.0032052993774414062,831.184208391765,0.9139162593935423,2.8568769194919144,5.273342398724304
84,0.003223419189453125,831.09646752731,0.8939998192524495,2.9569638966128826,5.275342197406755
85,0.0032415390014648438,831.0129894612859,0.8633268221812914,3.055672525376312,5.276917538587236
86,0.0032601356506347656,830.9339977329478,0.8173729363658714,3.152681300271499,5.278124481949899
87,0.0032863616943359375,830.8594645772546,0.7941346044668368,3.247930539410355,5.2792190061138555
88,0.0033080577850341797,830.7894795221498,0.7512859475651801,3.3411666337975245,5.280076675666613
89,0.0033304691314697266,830.7239331437207,0.72839400885674,3.4323616693292873,5.280706310153234
90,0.003348827362060547,830.6627106312269,0.7043823058811325,3.5214808188509563,5.281219174215591
91,0.003367185592651367,830.605659904833,0.6838771629226692,3.608523748813136,5.281475652151475
92,0.003386974334716797,830.5527404619869,0.6446972422905347,3.693297876701884,5.281321891596484
93,0.003406524658203125,830.5038243625467,0.6135241790273398,3.7757233499828624,5.280901523085654
94,0.0034246444702148438,830.4587558592864,0.5848939386595572,3.855743404169765,5.280151673017681
95,0.003443002700805664,830.4173613815873,0.5572094711585385,3.93333002160631,5.279278609921842
96,0.0034613609313964844,830.3795700011145,0.5079798018094207,4.008231742126328,5.278245348825239
97,0.0034792423248291016,830.3450959301865,0.4968997097745151,4.0806110315886555,5.277203692887546
98,0.0034971237182617188,830.3137227193528,0.4762615802514574,4.150513652717402,5.276152595058079
99,0.0035157203674316406,830.2853511502152,0.4295503451873079,4.217721241112208,5.2751580839511
100,0.003534078598022461,830.2597157135376,0.4189426371280649,4.282395099225927,5.274121301791523
101,0.003551959991455078,830.2366612362882,0.38552489552833824,4.344449404088102,5.2729491809055125
102,0.0035698413848876953,830.2159401128692,0.37787470279077956,4.404071194737795,5.271684434331955
103,0.0035881996154785156,830.1974984331673,0.31756585933813586,4.460902608644945,5.270389709454223
104,0.003606557846069336,830.1811214663164,0.3000444436535539,4.515047819919515,5.269079457420396
105,0.003624439239501953,830.1665774652874,0.29603930920337623,4.566738793549811,5.267874755924869
106,0.003642559051513672,830.1537060939633,0.27645993871534813,4.61600506421671,5.266456894318408
107,0.003660917282104492,830.1423381881893,0.2638212761141007,4.6629826595507,5.265143707913488
108,0.0036804676055908203,830.1323713488057,0.22895132799483287,4.7075494971966325,5.263854631854295
109,0.0036995410919189453,830.1236453097276,0.2217157454685468,4.749876114393383,5.2627499390740855
110,0.0037178993225097656,830.1160254847433,0.21060597767032033,4.7900759771956976,5.261781055669625
111,0.003736257553100586,830.1094273809352,0.17812116251522067,4.828036960854829,5.260889767603384
112,0.0037539005279541016,830.103736885013,0.16342880771355667,4.863834858055693,5.260023035682741
113,0.0037720203399658203,830.0988618034133,0.14166368155929326,4.897453516142709,5.259030097019316
114,0.0037899017333984375,830.0947105486746,0.12275218864938763,4.928922083116785,5.257940462251743
115,0.003808259963989258,830.0911694020386,0.12953029906275246,4.958525507328803,5.256772656716446
116,0.0038263797760009766,830.0881672387391,0.11510292758374886,4.986312822388496,5.2555967372983305
117,0.0038444995880126953,830.0856167498667,0.12555808671669108,5.012573381064275,5.254443322452986
118,0.0038623809814453125,830.0834897233669,0.08562568903684271,5.037064078142621,5.253394893703554
119,0.0038809776306152344,830.0817291931907,0.07462672995056177,5.059849602857204,5.252510735295742
120,0.003899097442626953,830.0802700659061,0.08552485528405851,5.081187941659005,5.251514294616485
121,0.00391697883605957,830.0790847247381,0.05328814560098323,5.100915009648465,5.250513140512421
122,0.003935098648071289,830.0781228512873,0.06118539020310343,5.119279393850865,5.249564803590469
123,0.003953218460083008,830.077361096425,0.03941876446024238,5.1361361690437155,5.248928682783697
124,0.0039713382720947266,830.076763762131,0.02935676928380061,5.151579077713666,5.248245265209794
125,0.003989458084106445,830.0762917388688,0.05747005537375158,5.166032078308735,5.2474787283544835
126,0.0040073394775390625,830.0759322963712,0.03073478824807483,5.179337318729026,5.246865869452707
127,0.004024982452392578,830.0756646827085,0.028177098601314666,5.191577445357276,5.246219679911054
128,0.004044771194458008,830.0754707012198,0.03437890011092972,5.202937059516829,5.245652198110527
129,0.00406336784362793,830.0753384776558,0.02331894333315963,5.213390782596981,5.245179477015033
130,0.004082202911376953,830.0752570832491,0.021212460186740754,5.222896103476534,5.244942690810222
131,0.0041255950927734375,830.0752147110434,0.008986893702498682,5.231532636102547,5.244692241943413
132,0.0041463375091552734,830.075202644184,0.013955965469208837,5.239346206408702,5.244600333822384
133,0.004164934158325195,830.0752121120215,0.022212773574368003,5.246168889510918,5.244443874819321
134,0.004183530807495117,830.0752372345019,0.01265896125942336,5.252362239589491,5.244418052087691
135,0.004201650619506836,830.0752730256013,0.007162571470586202,5.257947422056041,5.2443240618428115
136,0.004219770431518555,830.0753163876548,0.0038692664679095823,5.2630126368721655,5.244242783299638
137,0.0042378902435302734,830.0753625440744,0.015107733447714844,5.267420260538498,5.24416811065512
138,0.004256248474121094,830.0754073706464,0.040513270975150555,5.271173670498162,5.243756563819594
139,0.004274606704711914,830.0754513304291,0.00909861075014203,5.274461613789987,5.243373688277539
140,0.004293203353881836,830.0754927643117,0.022327770014698604,5.277315958084647,5.242831948285003
141,0.004311800003051758,830.0755299154729,0.020135258815594536,5.279693653660787,5.2424074692192
142,0.0043299198150634766,830.0755632419492,0.024535321262558377,5.2817240941421755,5.2418058677612045
143,0.0043485164642333984,830.0755920271977,0.015961709577939756,5.283399557178424,5.24121549935896
144,0.00436711311340332,830.0756119740233,0.04353815635974337,5.2845305405488405,5.240466272532244
145,0.004385709762573242,830.0756266698485,0.021399887719910988,5.2853406442892386,5.23974075848944
146,0.0044040679931640625,830.0756374260143,0.01879653078585591,5.285917011977994,5.2389782247582
147,0.00442194938659668,830.0756438304855,0.019021358701394153,5.286246661371847,5.238271222788175
148,0.004442453384399414,830.0756456709505,0.023986609973723157,5.286330137913649,5.237744821569198
149,0.0044612884521484375,830.0756467042552,0.008788009869548814,5.286364174929606,5.2371933792657055
150,0.004479408264160156,830.0756417106107,0.03210648472316637,5.2860809266094035,5.236764616039951
151,0.0044972896575927734,830.0756331174324,0.026638131322173356,5.285594694273801,5.236246610927811
152,0.004515171051025391,830.0756219932707,0.01960253155612791,5.284968583364554,5.23583419287745
153,0.004533529281616211,830.0756071666709,0.027430359523808002,5.284131686842108,5.23548530350123
154,0.00455164909362793,830.0755914480089,0.016212606562863073,5.2832362515274705,5.235249122923526
155,0.004569530487060547,830.0755764344306,0.0070367708646627255,5.282366545959081,5.235066215339719
156,0.004594564437866211,830.0755603957535,0.018620173570622314,5.281430579687676,5.2350073873009535
157,0.004624843597412109,830.0755446712117,0.00964822431767204,5.28049550232135,5.234981164744049
158,0.0046482086181640625,830.0755274691662,0.020540049110673295,5.279448558841801,5.234960872545364
159,0.0046689510345458984,830.0755102814743,0.01888227649209269,5.278390704583528,5.235091906221695
160,0.00468754768371582,830.0754935898126,0.010436094866731242,5.277335694862962,5.23522699406983
161,0.004705667495727539,830.0754766658516,0.0164063147767164,5.276228498426779,5.235303281747528
162,0.004723787307739258,830.0754594822754,0.016319707970523005,5.275068948858806,5.23537830907523
163,0.004743099212646484,830.0754412782713,0.027737542760397783,5.273815963422233,5.235627747413672
164,0.004761457443237305,830.0754259819322,0.022409646634961724,5.272703915958903,5.23562869184676
165,0.0047795772552490234,830.0754094009429,0.028664060091557315,5.271441894830473,5.235511437342575
166,0.004798173904418945,830.0753898669475,0.041580856079243396,5.269905781745143,5.2355184312507195
167,0.004816532135009766,830.0753718041983,0.011235407166748791,5.268411800596113,5.235510733377725
168,0.004834413528442383,830.0753561025809,0.014201132289902507,5.2670295305549075,5.235366885953262
169,0.004853010177612305,830.0753405656818,0.020113095989669337,5.265586931145677,5.2352053447720674
170,0.004870891571044922,830.0753254231713,0.020259455806059087,5.264120111536677,5.235172469917877
171,0.004889011383056641,830.0753127692027,0.0029870564262223765,5.26282655027008,5.235156518771295
172,0.004908561706542969,830.0753012081063,0.014194464517816991,5.261602426856714,5.23527084095355
173,0.004927873611450195,830.0752905039477,0.013228155091621674,5.2603914647134875,5.235299147996244
174,0.004946231842041016,830.0752802329139,0.013883147178221984,5.259165101131875,5.235349973266839
175,0.004964351654052734,830.0752708941833,0.02784034380853654,5.258034470379109,5.235672816487545
176,0.0049822330474853516,830.075263173551,0.0037621605778912193,5.257049139513907,5.235982770569989
177,0.005011320114135742,830.0752560522731,0.007910193893516602,5.256087710031953,5.2362879442324575
178,0.0050356388092041016,830.0752492006112,0.012540982035358786,5.255097479003372,5.236551807185606
179,0.005055427551269531,830.0752430127123,0.014683764396903476,5.254164814663997,5.236930147818442
180,0.005074501037597656,830.0752376744224,0.0048404223473932275,5.2533107844026965,5.2373167939915035
181,0.0051174163818359375,830.0752329933189,0.006453788826126043,5.252502705218035,5.237613700282183
182,0.005139589309692383,830.07522929044,0.012728058845310433,5.251812066604903,5.2377590209195874
183,0.0051593780517578125,830.0752260780612,0.011225434026602246,5.251191535233219,5.2380020589844145
184,0.005177974700927734,830.075223695703,0.009093616466526535,5.250704902322048,5.238165047071971
185,0.005196571350097656,830.0752210224895,0.014032781832227953,5.25012965385838,5.238340829574915
186,0.005215167999267578,830.0752188741819,0.00636672290089852,5.249639421587229,5.238441607858383
187,0.0052337646484375,830.0752166420133,0.0095637978821153,5.249102729089341,5.238537742743869
188,0.00525212287902832,830.0752145255815,0.012326061237594315,5.2485705677128855,5.238737306712013
189,0.005270242691040039,830.0752129487536,0.014175231706260314,5.248146611529039,5.238786262367065
190,0.005288124084472656,830.0752116549062,0.021043745291960996,5.2477895113702315,5.239039333485263
191,0.00530695915222168,830.0752102674859,0.00895032673699489,5.247381237872427,5.239245600572904
192,0.0053250789642333984,830.0752091615112,0.010593918924715133,5.247032304168652,5.239535550113537
193,0.00534367561340332,830.0752077552496,0.01699706018086741,5.24656314114637,5.23972702839571
194,0.0053615570068359375,830.0752067286035,0.009823174114983551,5.246201611995105,5.23982213934559
195,0.005379915237426758,830.0752056366593,0.008259908271987611,5.245798503855403,5.239879804282645
196,0.0053975582122802734,830.0752045504545,0.00652270006731584,5.24537405703269,5.239910397770266
197,0.005415916442871094,830.0752037142313,0.010109676798188874,5.245036452529866,5.239847105666935
198,0.005433797836303711,830.0752026517498,0.01631561408139744,5.244570947097119,5.239812177392962
199,0.00545191764831543,830.07520188745,0.0071517863193281414,5.244204061482887,5.2398297684222115
200,0.00547337532043457,830.0752013303487,0.008792812736652382,5.243927286917977,5.23977576201115
201,0.005492687225341797,830.0752009740091,0.007355286010883404,5.243737465991658,5.239770703427852
202,0.005510807037353516,830.0752007960718,0.008210557318106621,5.2436335727789265,5.239813686047441
203,0.005528926849365234,830.0752008319289,0.011126144379504713,5.243640876881218,5.239899453918868
204,0.0055468082427978516,830.0752009135743,0.023714573688634097,5.243707292204957,5.239747173698538
205,0.005565166473388672,830.075200837246,0.01176710182865838,5.243686922065682,5.239523962235351
206,0.005584239959716797,830.0752005914499,0.012688997127482978,5.243557364186601,5.239384146618377
207,0.005603313446044922,830.0752002233587,0.013914801339555256,5.243344018422342,5.239358326718848
208,0.005621433258056641,830.0751998468725,0.005423463296215332,5.243114679033009,5.239295744168147
209,0.005639314651489258,830.0751994501755,0.015615265689610764,5.242854918855417,5.239092665229175
210,0.005657196044921875,830.075199059346,0.00913999004305306,5.242574960325164,5.238988773010886
211,0.005674839019775391,830.0751985983499,0.012489629844082499,5.24221571593063,5.238959220921348
212,0.005693197250366211,830.0751983498002,0.011928366213351393,5.242005271246415,5.23897119560126
213,0.00571131706237793,830.0751982193615,0.010616299821983803,5.241893468626104,5.239054424144199
214,0.00572967529296875,830.075198161198,0.007354104555053747,5.24184043704275,5.2390732637689315
215,0.005747795104980469,830.0751979789065,0.015092014294748293,5.241666697073075,5.239173273510926
216,0.005766630172729492,830.075197812311,0.006680763919610662,5.241490021429973,5.239326928000835
217,0.0057849884033203125,830.0751977502442,0.01278267559903765,5.241393336610627,5.239576821212281
218,0.005802631378173828,830.0751977844486,0.013074642029913066,5.241343100740311,5.23992719152702
219,0.005820751190185547,830.075198096885,0.02428014246339685,5.241493883480177,5.240385837345342
220,0.005839109420776367,830.0751982473018,0.01866681727403599,5.241484298953674,5.240681417406895
221,0.005857229232788086,830.0751986753389,0.023423453622724064,5.241701579044976,5.241009344409645
222,0.005875110626220703,830.075198971685,0.02004908128516462,5.241707734601922,5.2413702474149355
223,0.00589299201965332,830.0751991833536,0.010659663975330191,5.2417182001352405,5.24158857733827
224,0.005911111831665039,830.0751992955821,0.01095509274147623,5.241618873205141,5.241798330691757
225,0.005929231643676758,830.0751995198209,0.00972645750972784,5.24152256652843,5.242084127345978
226,0.005947113037109375,830.0751994217496,0.022208715826603217,5.241279223670174,5.242183933394168
227,0.005964994430541992,830.0751992964181,0.008605509568437992,5.2411016905379615,5.242198358125659
228,0.005983114242553711,830.0751989080718,0.025851401695281474,5.2409612151670695,5.241953548151293
229,0.006000995635986328,830.075198649039,0.005816893925602641,5.240885808515957,5.241761155967505
230,0.0060193538665771484,830.0751985707486,0.012170307110796504,5.2409097105047024,5.241667942206044
231,0.006037473678588867,830.0751987889756,0.02430450998078596,5.241130236756565,5.241723563850344
232,0.006059408187866211,830.0751990680437,0.007404659765043619,5.241402756978761,5.241773641090065
233,0.006079435348510742,830.0751996842306,0.024022811745493585,5.241862236457848,5.24192744457621
234,0.006124734878540039,830.0752004313008,0.006602648861873777,5.242330903845711,5.242102193111287
235,0.006146669387817383,830.0752012731631,0.00467621849561906,5.242774838901728,5.242300658660637
236,0.006166219711303711,830.0752020714733,0.008685387442592079,5.24321234125131,5.242401158686617
237,0.006185054779052734,830.0752026560234,0.023250220147483482,5.243655366635009,5.242264387631211
238,0.006203413009643555,830.0752029656319,0.014036272186415635,5.243914939653556,5.242122881202
239,0.0062220096588134766,830.0752031504264,0.007210558911093013,5.244124349750358,5.241927604108695
240,0.0062406063079833984,830.0752030435183,0.01771096000844684,5.244245515131616,5.241588031583439
241,0.006258964538574219,830.075203306337,0.023535858692789822,5.2444074093974775,5.241511765445735
242,0.006276845932006836,830.0752031784684,0.02226382059044497,5.244343446603383,5.241518007523316
243,0.006294965744018555,830.075203261029,0.009001227813765904,5.244375076090673,5.241535720162559
244,0.0063130855560302734,830.0752031502768,0.010869315710272578,5.24435894672767,5.2414525383419805
245,0.006330966949462891,830.0752031604329,0.005735326066515869,5.244400627461961,5.241366217146784
246,0.006350040435791016,830.0752036531142,0.02743046836293153,5.244560004043112,5.2415342764065915
247,0.0063686370849609375,830.0752037913941,0.015250685271702017,5.244551257219762,5.241695421086257
248,0.006386995315551758,830.0752038296899,0.003967748945084499,5.244507251702958,5.2418240597659
249,0.00640559196472168,830.0752040664111,0.008514260504910375,5.244551578833855,5.241954140745897
250,0.0064237117767333984,830.0752040214411,0.01429290926563931,5.2444518411626895,5.242101735837131
251,0.006442070007324219,830.0752036383561,0.02227089907360883,5.244149207066064,5.242300035727585
252,0.0064601898193359375,830.0752036667319,0.014116502739549938,5.244000171460467,5.242547178932861
253,0.006478071212768555,830.0752037233866,0.0009396860240515275,5.2438611440688,5.242777628825261
254,0.006496429443359375,830.0752040418542,0.012811193872805134,5.243761839256212,5.243110516813783
255,0.006514549255371094,830.0752042523031,0.009122106035762644,5.243584291685283,5.2434334989389235
256,0.006532430648803711,830.0752044486601,0.001672291483448855,5.243417128358319,5.243709171808389
257,0.006551027297973633,830.0752043416896,0.015304756245366724,5.24324675459342,5.243805532604555
258,0.0065691471099853516,830.0752040794586,0.008282401187083215,5.243016953502865,5.2438604301900975
259,0.0065877437591552734,830.0752040108862,0.009107363742051367,5.242900903152671,5.2439172609494795
260,0.006606578826904297,830.075204224909,0.011373873566734275,5.242883613479081,5.244041486633247
261,0.00662541389465332,830.0752043513701,0.006575642815430432,5.242898114156343,5.244094807092525
262,0.0066432952880859375,830.0752044142548,0.006157554735976492,5.242852227606415,5.244160626918236
263,0.006661176681518555,830.0752046640295,0.012111359857363665,5.242931909565111,5.244225554996394
264,0.006679534912109375,830.0752043319526,0.02412825197833455,5.2429434273443505,5.2440503373234355
265,0.006697893142700195,830.0752043517143,0.01341537225260362,5.243069365866811,5.243960760531271
266,0.006716012954711914,830.0752045828017,0.013775736776245374,5.243150426664332,5.244014062454522
267,0.006734609603881836,830.0752045825039,0.01686553706943615,5.243281158922854,5.243903584225371
268,0.006754636764526367,830.0752042377428,0.016327279165781264,5.243244257999537,5.243751530397531
269,0.006773948669433594,830.0752037586698,0.007590719312058138,5.243148899185339,5.243571098352921
270,0.0067980289459228516,830.0752033873434,0.015102471659132316,5.242964554652471,5.243523173303278
271,0.006816864013671875,830.0752028283908,0.011727081363734267,5.242692312442134,5.243430584498125
272,0.006835222244262695,830.0752022676389,0.004246039833908914,5.242412691585319,5.243322647115532
273,0.0068531036376953125,830.0752019627658,0.015040795045007898,5.24231114484104,5.2432160731503235
274,0.00687098503112793,830.0752015653927,0.00795542705677874,5.242144238934524,5.2430951257518945
275,0.0068891048431396484,830.0752012888535,0.006258023653024846,5.24197253508255,5.243045048333164
276,0.006906986236572266,830.0752006415659,0.022626153818124956,5.241708160845656,5.24280216741072
277,0.006925106048583984,830.0751998554174,0.015372802881997523,5.241389182483322,5.242452943136529
278,0.006943225860595703,830.0751994141056,0.014474954933361477,5.241120788673291,5.242282179572716
279,0.006963968276977539,830.0751990094759,0.018463421416308527,5.241018324141986,5.242007068342162
280,0.006985187530517578,830.0751985723309,0.01389407034993397,5.240969086363408,5.241627342487985
281,0.007006168365478516,830.0751982612286,0.009224997680493126,5.240874376573395,5.241362857082158
282,0.007025241851806641,830.0751980030001,0.008007128302785256,5.240846382054404,5.241068833598896
283,0.007043123245239258,830.0751977164161,0.00976405554752463,5.24073505508626,5.240758223620804
284,0.0070612430572509766,830.0751974792375,0.0032988925815249878,5.240634824808672,5.240445685734357
285,0.007079601287841797,830.0751975524943,0.0339007177659521,5.240830844059854,5.240346061364131
286,0.007124423980712891,830.0751975496055,0.019744301742397476,5.240994566371811,5.240059364962507
287,0.0071489810943603516,830.0751976849862,0.027901782479342482,5.2411635711542806,5.240079514440947
288,0.007169008255004883,830.0751977997719,0.0098108024858589,5.241259345719498,5.240177974216923
289,0.007187366485595703,830.0751978515708,0.00772201567891736,5.241269781891787,5.240281529003536
290,0.0072057247161865234,830.0751980238718,0.012367544481665296,5.241391823804044,5.240425774741076
291,0.007224321365356445,830.0751980805317,0.012052266846038261,5.2413811761691065,5.2405525971367775
292,0.0072422027587890625,830.0751982302099,0.008884606875864775,5.241431677083055,5.2407321862246565
293,0.007260560989379883,830.0751982450616,0.02528709925689719,5.241245043319385,5.240994218015886
294,0.0072786808013916016,830.0751983283433,0.011813276690791377,5.24118038475778,5.241172757734758
295,0.007297039031982422,830.0751984837667,0.007749599234684794,5.241199266975044,5.241341511016657
296,0.007314920425415039,830.0751984934955,0.012268399817308496,5.241109727595618,5.241432544879224
297,0.007332563400268555,830.0751983361973,0.017803175716382912,5.240860556939137,5.241457253577837
298,0.0073506832122802734,830.0751982556876,0.004030058052915115,5.240639963574061,5.241519625426303
299,0.007368564605712891,830.0751983253077,0.01628137428816661,5.240385367860086,5.24172861754738
300,0.007392168045043945,830.0751984618123,0.003333539217387556,5.240177928017456,5.241942018932004
301,0.007410764694213867,830.0751986221525,0.009602811656044423,5.240084929102507,5.242113049677364
302,0.00743412971496582,830.0751988655429,0.006646588489867832,5.240017333326793,5.24233146299983
303,0.00745391845703125,830.0751990973788,0.015717409421300912,5.240107934753788,5.242485959562729
304,0.007475137710571289,830.075199380393,0.02468113558326532,5.240433960123115,5.242591192603327
305,0.0074956417083740234,830.0751997114667,0.009653135303619723,5.240822316015651,5.242668409020822
306,0.007513761520385742,830.0752001636098,0.007818079183606969,5.241157873869795,5.2428148276954945
307,0.007532358169555664,830.0752006669064,0.0029981347976625067,5.241483092201623,5.242965575173595
308,0.007552623748779297,830.0752011379516,0.011153250783838239,5.241859583033976,5.243027640771464
309,0.007572174072265625,830.0752016071622,0.008514463135737059,5.242129087000696,5.243132915193601
310,0.007590293884277344,830.0752023587845,0.02049252067321888,5.242575705925513,5.243246415075622
311,0.0076084136962890625,830.0752033312232,0.01009552885159082,5.243023394884045,5.243438568087197
312,0.007626771926879883,830.0752040687546,0.011691233217258222,5.243310190404727,5.243597956474372
313,0.0076446533203125,830.075204946409,0.013408577829994503,5.243698734447934,5.243710301147002
314,0.007662773132324219,830.0752057031068,0.014140614102608357,5.243928820480441,5.243886847908898
315,0.0076808929443359375,830.0752061634716,0.01119888126111729,5.2441178899085275,5.243935208523774
316,0.007699251174926758,830.075206499775,0.003836880641657232,5.244250380857173,5.243971451550287
317,0.00771784782409668,830.0752066790994,0.013532374122597148,5.244248877718008,5.244065169878221
318,0.0077362060546875,830.0752070935414,0.011690115614453798,5.244364337199855,5.244154073260358
319,0.0077588558197021484,830.075206925593,0.022841329967473237,5.24441869679301,5.244011113116546
320,0.007778167724609375,830.0752070570203,0.009581868989969588,5.2445410627056,5.2439439912736034
321,0.007798910140991211,830.0752065956989,0.021810753042252874,5.244447481111929,5.243805653712786
322,0.007817745208740234,830.0752060469673,0.005271841834189832,5.244329423627392,5.24364072109806
323,0.007836103439331055,830.075205712638,0.0071658986538523485,5.244294828094239,5.243491650133017
324,0.007854461669921875,830.0752053605631,0.008332567295715226,5.244195138725917,5.243404852926819
325,0.007877349853515625,830.0752046457869,0.01586274986421471,5.243975253423845,5.243236072384862
326,0.00789642333984375,830.0752041408851,0.004772448427599113,5.243804033162589,5.243123742490916
327,0.007929801940917969,830.0752035813751,0.013642384966502209,5.243692625481096,5.2428930732768695
328,0.007949590682983398,830.0752029931658,0.011589620818720503,5.243488898051125,5.242737699832306
329,0.007968425750732422,830.0752025902826,0.0121062908119618,5.243270473430436,5.242713735762782
330,0.00798654556274414,830.0752022212998,0.022154726516933107,5.242914295708585,5.2428458315210404
331,0.008005142211914062,830.0752019940503,0.0047979711188081385,5.242581934017125,5.243011223311482
332,0.00802302360534668,830.075201655491,0.023378868109182143,5.242392970548527,5.242953868577405
333,0.008041143417358398,830.0752016505746,0.023060030418383674,5.2424534693269464,5.242898266105242
334,0.008059263229370117,830.075201716517,0.007814841874597215,5.242582751089217,5.242825702375831
335,0.008077144622802734,830.0752018201993,0.0027148767447273117,5.242726226538856,5.242759186677947
336,0.008115768432617188,830.07520139164,0.028366598720466034,5.24272742260371,5.242446143094412
337,0.00813746452331543,830.075200795636,0.013594533952435383,5.24264418210401,5.242057765293093
338,0.008156538009643555,830.0752000262175,0.019254306415108457,5.242380397245533,5.241670787914496
339,0.008174657821655273,830.0751997694015,0.023791123761541754,5.242330780058272,5.241468580101442
340,0.008193492889404297,830.0751995695412,0.007545377934734467,5.24233635507108,5.241230288793107
341,0.008211851119995117,830.0751993773077,0.011897237570325521,5.24237914411589,5.240903009340979
342,0.008230209350585938,830.0751993642732,0.009791673422014324,5.242475815229072,5.240687229580757
343,0.008248329162597656,830.0751995242997,0.0105085448938812,5.242666235411183,5.24051168376723
344,0.008266687393188477,830.0751996593209,0.013080209502052142,5.242776653189184,5.240469420748611
345,0.008284807205200195,830.0751996705255,0.007710372598872791,5.2428121427417445,5.240388215682693
346,0.008302927017211914,830.0751997044439,0.005127202620773819,5.2428423844180925,5.2403663749946015
347,0.008321285247802734,830.0751997704562,0.004450669787623228,5.242902365528185,5.240316595417619
348,0.008339405059814453,830.075199787591,0.008753788536133063,5.242905701336575,5.240343192281852
349,0.008358001708984375,830.0751996951924,0.009794474190651006,5.242862452565976,5.240280792806742
350,0.008376121520996094,830.0751992703802,0.029063087155833202,5.242549609645213,5.2403217655087415
351,0.008394241333007812,830.0751988254395,0.010451590870795748,5.242223785192692,5.240263961945968
352,0.008415460586547852,830.0751987307102,0.022479145822210923,5.242153472314334,5.240240814389647
353,0.008436203002929688,830.0751984226451,0.019621626690072756,5.241894171578312,5.240211188523853
354,0.008454322814941406,830.0751983802596,0.01987535628683789,5.241858890177273,5.240200761724506
355,0.008472442626953125,830.0751985235761,0.025067867840062333,5.242037309945688,5.240054750018062
356,0.008490562438964844,830.0751985554034,0.02883214536471677,5.242031742834133,5.240158977195282
357,0.008508682250976562,830.0751986370212,0.006496450949716523,5.242045963016751,5.240314834633525
358,0.008526802062988281,830.0751985932528,0.01259614485527545,5.241994812293017,5.240346585241358
359,0.008544921875,830.0751984839719,0.02392468193146124,5.241975954898466,5.240137462696475
360,0.008562803268432617,830.0751984958325,0.013814522846527772,5.242064868457748,5.239860525716049
361,0.008580923080444336,830.0751985809806,0.010252521602586879,5.242193760660443,5.2395211539526745
362,0.008599042892456055,830.0751986137457,0.007824499264899946,5.242237473711936,5.239245660053011
363,0.008617401123046875,830.0751986139776,0.006530052236706514,5.242228116302483,5.2389542120900465
364,0.008635759353637695,830.0751985842153,0.011596509945670073,5.242187545188659,5.2388033284793725
365,0.008653640747070312,830.0751986025498,0.014344265037633867,5.2421524847386465,5.238524097944246
366,0.008671998977661133,830.0751988712549,0.017712946387248886,5.242293580705431,5.238233208950655
367,0.008690118789672852,830.0751993768122,0.017664181076363472,5.242596542967644,5.237986732521371
368,0.008708000183105469,830.0751998146475,0.011585178348918247,5.242865519344143,5.237880696749271
369,0.008726119995117188,830.075199966049,0.018016267803723562,5.242927725575292,5.2377750434227694
370,0.008744478225708008,830.0752000907967,0.014533667474426065,5.24291795454462,5.237550345192085
371,0.008762598037719727,830.0752003854632,0.012207850019050701,5.243028956968809,5.237371611343529
372,0.008780479431152344,830.0752006538961,0.0030135196285164733,5.243109473193813,5.237187678932893
373,0.008798360824584961,830.0752011075572,0.014874084306756947,5.243324866716471,5.237063312110588
374,0.008816242218017578,830.0752019239616,0.019321322860295635,5.243684209771538,5.2368516584489315
375,0.008834123611450195,830.0752028473322,0.00860075803386006,5.244088496098626,5.236690429704511
376,0.008852243423461914,830.075203686818,0.003429389569689795,5.244419856962741,5.236534368137162
377,0.008870363235473633,830.075204704428,0.01040326874255682,5.244821137022925,5.236408139771426
378,0.00888824462890625,830.0752057049253,0.014781939641275851,5.2452531844807355,5.236424243207637
379,0.008906126022338867,830.0752067401361,0.009462496733071311,5.245628209770385,5.2363451255995495
380,0.008924007415771484,830.0752080256989,0.016017568089986615,5.246007974458227,5.236119414515008
381,0.008941888809204102,830.075208871692,0.012737046814702287,5.2462229232844395,5.235927893685999
382,0.008960485458374023,830.0752094764435,0.005889921359930224,5.246359076017677,5.2357691517023275
383,0.008978605270385742,830.0752100474534,0.029285692334536578,5.246351055687002,5.235364139222496
384,0.008996963500976562,830.0752102971123,0.012269545110280446,5.246222183174986,5.234983677259076
385,0.009015321731567383,830.0752109230278,0.01630785592278644,5.246120957372849,5.234478852210061
386,0.009033918380737305,830.0752115775929,0.015050813004543235,5.245937846900041,5.233905398948568
387,0.009052038192749023,830.0752118522812,0.016180986698527335,5.245611374807491,5.233395952979249
388,0.009069681167602539,830.0752116897875,0.015439640575571748,5.245195807468768,5.233032409622094
389,0.009097814559936523,830.0752116234319,0.0011702830447992338,5.244823904669315,5.232716732046997
390,0.009125947952270508,830.0752110651107,0.017728280592072335,5.244426492726776,5.2325984473651
391,0.009145498275756836,830.0752105053106,0.0047309902335101696,5.244074033025821,5.232539013187128
392,0.009164094924926758,830.0752098144447,0.008273364363532685,5.243681768929043,5.23252034050221
393,0.00918269157409668,830.0752092609333,0.0006350423517762528,5.243327599112789,5.232497286392925
394,0.009200572967529297,830.0752091257441,0.01113687673037565,5.243098659657139,5.23241068513739
395,0.009218692779541016,830.0752085208991,0.016218485054941122,5.242805013516728,5.232469235968029
396,0.009236812591552734,830.075208480407,0.023597655579850496,5.242448652336034,5.232304661671314
397,0.009255409240722656,830.0752083124953,0.011266622927545196,5.242016996712521,5.2321762448012334
398,0.009274005889892578,830.0752084050457,0.007518690926587691,5.241599945403339,5.231991118727179
399,0.009292125701904297,830.0752082951379,0.008702592148677102,5.241212386033825,5.231910669922486
400,0.009312152862548828,830.0752077532358,0.016705616774230898,5.240801355755429,5.231993300132692
401,0.00933218002319336,830.0752073886239,0.010525686967975165,5.240536650430644,5.23206495532048
402,0.00935053825378418,830.075207155489,0.0026065255367010505,5.240291684789747,5.232104263781921
403,0.009370088577270508,830.0752068715362,0.004900096065917502,5.240102735490556,5.232177159363109
404,0.00938868522644043,830.0752068213737,0.006862624536369284,5.239926665785632,5.2321744032819835
405,0.00940704345703125,830.0752063732185,0.015950609435985554,5.239817805251209,5.23232352035477
406,0.009425878524780273,830.0752062182257,0.01177521273650778,5.239645810243251,5.232366147747572
407,0.009444236755371094,830.0752059654521,0.013072229626382938,5.239611103013073,5.232456156611528
408,0.009462356567382812,830.075205435961,0.015811938503206797,5.239465088320678,5.232645919856166
409,0.009480714797973633,830.0752054361996,0.018204966977345454,5.239285983044534,5.232641015142088
410,0.009499311447143555,830.0752053573171,0.004631777212825379,5.239156425207859,5.232670430499227
411,0.009517669677734375,830.0752051341007,0.01723685592241313,5.238880787072238,5.232763375702735
412,0.009536027908325195,830.0752053261399,0.013990094515798485,5.238612470827517,5.232708597562943
413,0.009554147720336914,830.0752061922744,0.030312052715120597,5.238519176904267,5.232394870363867
414,0.009572505950927734,830.0752071555671,0.009832069129372265,5.238513806600768,5.232053440460436
415,0.009590387344360352,830.0752079859099,0.01850773185247967,5.238329320505036,5.231790633623457
416,0.009608268737792969,830.0752088531366,0.006667822374367301,5.238099173640102,5.23153577790186
417,0.00962686538696289,830.0752094677682,0.009722411186903776,5.23783084033428,5.231381952109829
418,0.009644746780395508,830.0752100627286,0.004000432938245979,5.237627958401349,5.231233068917233
419,0.009663105010986328,830.0752102023308,0.012889939017774946,5.237444533655853,5.231227970755327
420,0.009681224822998047,830.0752102004376,0.010531520209967091,5.23719583221008,5.231287406822103
421,0.009699821472167969,830.0752097492835,0.015178029119223451,5.236966731071443,5.2314925880609815
422,0.009717941284179688,830.075209379805,0.013947676177806009,5.236893220858806,5.23163424455826
423,0.009735584259033203,830.0752091874712,0.004505409338186707,5.23683104013254,5.2317168573137645
424,0.009753704071044922,830.0752093013472,0.009317659986891156,5.236722411954033,5.231714343839067
425,0.009771585464477539,830.0752087843706,0.019751186973194133,5.236684846527414,5.231900195790597
426,0.009789705276489258,830.0752079837306,0.01199137720851836,5.236656532828863,5.2321872503413145
427,0.009807825088500977,830.0752071100661,0.006482925500440511,5.236637537655127,5.23251010330603
428,0.009825944900512695,830.0752068452596,0.026914270213481348,5.236362970196235,5.232722274131133
429,0.009844303131103516,830.0752058801581,0.03311620022198797,5.236079586729321,5.233242397372674
430,0.009862899780273438,830.0752051520698,0.0007478751865545866,5.235819955503544,5.233704600721584
431,0.009880781173706055,830.0752046320192,0.0024777655077234772,5.235593517620367,5.234096884450602
432,0.009898900985717773,830.0752043719201,0.01158376062883662,5.235435194492751,5.234343399944842
433,0.00991678237915039,830.0752041080772,0.006861304226469984,5.235259637053231,5.234625383336612
434,0.009934663772583008,830.0752039339706,0.004371205147439525,5.235063704380633,5.234900893591751
435,0.009953022003173828,830.0752032813057,0.024190546762040403,5.23510758495791,5.235248959836726
436,0.009970903396606445,830.0752027062808,0.009556865847396116,5.235094803682896,5.235642224575068
437,0.009988546371459961,830.0752026323084,0.02443415061127155,5.235043492362972,5.235755085920277
438,0.01000666618347168,830.0752024180207,0.007750515938344997,5.235072144153688,5.235876840940247
439,0.010024547576904297,830.0752022382513,0.002590872446624825,5.235110928746122,5.235964008084432
440,0.010042428970336914,830.0752022175221,0.009799795223434493,5.235138898755401,5.2359447063335205
441,0.010061502456665039,830.0752025107961,0.018150612821519963,5.234982702333624,5.235920291718947
442,0.010079622268676758,830.0752025178878,0.015513615457150387,5.234882220509853,5.23604818390863
443,0.010118484497070312,830.0752022157949,0.015024276128203925,5.2349038266042704,5.236263386754056
444,0.010139703750610352,830.075201629665,0.016573620107889864,5.235074910918226,5.236523958431344
445,0.010158777236938477,830.0752010018183,0.00722481719005377,5.235285257475153,5.236803663043962
446,0.010176897048950195,830.0752004548843,0.013446652731003013,5.235421858450232,5.23717910170304
447,0.010194778442382812,830.0751999620082,0.0059558683748156425,5.235596593791204,5.237487592918693
448,0.01021265983581543,830.0751996112855,0.009832936679062187,5.235760544195785,5.23766713339692
449,0.01023101806640625,830.0751990200708,0.02123432276758293,5.236109050341942,5.237897337824525
450,0.010249137878417969,830.0751985016319,0.003974888107454205,5.236461882109507,5.23811124461219
451,0.010267019271850586,830.0751982339578,0.01804668890844317,5.23670332554873,5.2381401260549625
452,0.010284900665283203,830.0751979275152,0.009607004606451561,5.236982871968045,5.238239295335883
453,0.010303258895874023,830.0751976133981,0.011750612707625813,5.237343720202906,5.238285295909561
454,0.01032114028930664,830.07519732215,0.020942825324955706,5.2378394692725,5.238205766289251
455,0.01033926010131836,830.0751970912313,0.018703500125932134,5.2384721714470475,5.238120427637377
456,0.010358095169067383,830.0751970928987,0.013948468811097972,5.239000443953434,5.237910349155481
457,0.010377645492553711,830.0751971885996,0.01790939919040431,5.239640399563406,5.23779206694801
458,0.010395526885986328,830.0751973934673,0.004142185856633879,5.24018124423412,5.237707582953927
459,0.010413646697998047,830.0751976803372,0.014269657152828866,5.240768043314252,5.237733304593475
460,0.010431766510009766,830.0751978879338,0.027805483253751657,5.2412676398119915,5.2380330421146235
461,0.010449886322021484,830.0751983372755,0.024404949240932585,5.241904200266496,5.238459712607744
462,0.010467767715454102,830.0751988523327,0.016292612317778263,5.242388619568908,5.238706912149867
463,0.01048588752746582,830.075199540176,0.01061583584765657,5.242900996761652,5.2388556851268735
464,0.010504007339477539,830.075200402475,0.008817531997492967,5.243446059178136,5.238962528510738
465,0.010523080825805664,830.0752012917649,0.005712262635575308,5.243938076253303,5.239001583614041
466,0.010541677474975586,830.0752021705061,0.012567901320590278,5.244372692892896,5.238911321902823
467,0.010559797286987305,830.0752030373033,0.006238460416333467,5.244771122743865,5.238892045341298
468,0.010578393936157227,830.0752040219679,0.006843801715459712,5.245190009678122,5.238842328798619
469,0.010596513748168945,830.075204898697,0.0027760519211798974,5.245539682565701,5.238802479979702
470,0.010614633560180664,830.0752059397381,0.008949926723629128,5.245934257078134,5.238807002618097
471,0.010632753372192383,830.0752070187613,0.011094129423286405,5.246313422206612,5.238702769432113
472,0.010651111602783203,830.0752077603928,0.01577381359019071,5.2465695639041465,5.238741768194003
473,0.010669231414794922,830.07520851722,0.006984271495215677,5.246824958262816,5.238842133039848
474,0.010687112808227539,830.0752093478521,0.004480840106192564,5.247094328770265,5.2389535874839375
475,0.010704994201660156,830.0752097509318,0.015935209940533566,5.247223448192279,5.239165936749269
476,0.010723590850830078,830.0752104378194,0.009157347564340607,5.247431204173318,5.2393591896306635
477,0.010741472244262695,830.075211114686,0.0011159242902480425,5.247627500142211,5.239526973238207
478,0.010759353637695312,830.075211762744,0.0021991339779045293,5.24780749112473,5.239699717067981
479,0.010777473449707031,830.0752121702011,0.016011579531197327,5.247923796199636,5.239701727128102
480,0.010795831680297852,830.0752124841437,0.010899064023412753,5.248017883591484,5.239595060971347
481,0.010814189910888672,830.0752122448566,0.014940175351955107,5.247955023042637,5.239475544033042
482,0.01083230972290039,830.0752122802421,0.008289384955748085,5.247966723783721,5.239414988176714
483,0.01085042953491211,830.0752114669134,0.024296118138507166,5.247734811536939,5.239376348840068
484,0.010868549346923828,830.0752108117684,0.008131515654961924,5.247541507335669,5.239421413754722
485,0.010886907577514648,830.0752102970425,0.008894801062059421,5.24738841333539,5.239375509565503
486,0.010905027389526367,830.0752091679105,0.023572493450943383,5.247041495514511,5.239225432102831
487,0.010922908782958984,830.0752079994234,0.00904329161424842,5.246661563690105,5.2390304120827045
488,0.010941028594970703,830.0752073121898,0.025392803191763135,5.246430963390612,5.23908311154615
489,0.010959386825561523,830.0752071479183,0.017924381088245372,5.246373497262194,5.239032530370442
490,0.01097726821899414,830.0752069591457,0.009259607012744501,5.246303537322962,5.238896225600777
491,0.01099538803100586,830.0752065106634,0.013597936561694867,5.246133380814181,5.238689884455563
492,0.011013269424438477,830.0752062739549,0.007823622510715696,5.246025158928851,5.238440121255598
493,0.011031150817871094,830.0752062824424,0.014423133642503503,5.245978583084129,5.238080354323521
494,0.011049032211303711,830.0752061496693,0.018667044680156702,5.245905173361242,5.237940559039719
495,0.011067390441894531,830.0752063365799,0.01626791749673952,5.245918568908447,5.237672792802287
496,0.011085271835327148,830.075206085861,0.02110858000548571,5.2458094615644315,5.237604651853253
497,0.011125564575195312,830.0752056168432,0.009247756736275245,5.24562242008847,5.237568989959458
498,0.011145591735839844,830.0752053512159,0.00554948061285593,5.24550491390445,5.237514626155175
499,0.011164426803588867,830.0752050031894,0.005469216974054752,5.245347816327562,5.23744685115032
500,0.011182546615600586,830.0752049227374,0.013259086283262939,5.245318255592563,5.237457092961962
501,0.011200428009033203,830.0752046349363,0.008614406689962696,5.245213924085406,5.2375034500287025
502,0.01121830940246582,830.0752040895763,0.012122530152430191,5.24499897715556,5.2375517148287205
503,0.011236429214477539,830.0752035802276,0.012732519681684016,5.244755047631802,5.237478261107724
504,0.01125478744506836,830.0752031916433,0.011067228593287725,5.244588846366093,5.2375091254356105
505,0.011272907257080078,830.0752030409642,0.011734013625090082,5.244544083193735,5.237589647064133
506,0.011291265487670898,830.0752027029545,0.015002734088292096,5.244445939693093,5.237800539113153
507,0.011309385299682617,830.0752025917432,0.01395762830932441,5.244461298516182,5.238083778261346
508,0.011327505111694336,830.0752026725568,0.011501454919968873,5.2445586345846085,5.238417775123674
509,0.011345624923706055,830.0752032076409,0.018729740382352655,5.244832337450502,5.238697230942315
510,0.011363744735717773,830.0752033080262,0.019640772461390687,5.244890233873174,5.238893353372116
511,0.011382102966308594,830.0752033904525,0.0017242051873765406,5.244932357454372,5.23905580567551
512,0.011400222778320312,830.0752034357007,0.015318887488733713,5.2449517184943035,5.239049951175199
513,0.011418342590332031,830.0752031752644,0.01629828995601862,5.244835052745913,5.238952037028312
514,0.011436939239501953,830.0752028250006,0.021300436041358253,5.244658326336187,5.238663349939495
515,0.011455297470092773,830.0752025184518,0.015397486298489823,5.244460247769457,5.238254584174306
516,0.011473655700683594,830.0752023095598,0.011887229931616356,5.24430844943017,5.238002582159777
517,0.011492013931274414,830.0752021223713,0.0039016572942922353,5.244148293409562,5.237744663175556
518,0.011509895324707031,830.0752022109185,0.010875367432678645,5.2441095198633105,5.237485606850964
519,0.011527538299560547,830.0752019813592,0.017341633867306538,5.243951004687239,5.237374076770584
520,0.011548519134521484,830.0752018913796,0.007014784251894511,5.24387390941714,5.237298629725464
521,0.011568069458007812,830.0752013387595,0.02419756559948664,5.2435913790901845,5.2373452769569315
522,0.011586427688598633,830.0752009084762,0.003331865549384965,5.24334611646292,5.237355183483851
523,0.01160430908203125,830.0752007185265,0.011515069272578202,5.2432400291214245,5.237374836375853
524,0.01162266731262207,830.0752007909894,0.024068755093712636,5.2431783252834645,5.237154217952443
525,0.011640310287475586,830.0752005453073,0.018623779381479598,5.242948993626151,5.237022584464751
526,0.011658191680908203,830.0752000326502,0.021993895413287164,5.2425229886465425,5.236916202913889
527,0.01167607307434082,830.075199619617,0.020038883176754133,5.24200061300938,5.236676089501032
528,0.011693954467773438,830.075199240968,0.012744981266803132,5.241546926852542,5.236586370929922
529,0.011712074279785156,830.0751989897724,0.007202898791970534,5.2412027873917415,5.236538325119623
530,0.011730432510375977,830.0751985095155,0.02667643868026411,5.240667888141773,5.236638122441172
531,0.011748552322387695,830.0751981282787,0.008986611970816918,5.240238072182129,5.236801520218969
532,0.011766672134399414,830.0751979740156,0.012965904865372873,5.239934138242167,5.236848883742483
533,0.011784791946411133,830.0751979555458,0.014770307731648287,5.239561181842816,5.236782274073961
534,0.01180267333984375,830.0751980208457,0.010165436057619034,5.239322881269672,5.236693091775983
535,0.01182103157043457,830.075197896311,0.020488993173268168,5.239112997944474,5.2368176662828025
536,0.011838912963867188,830.0751975734826,0.02673600253478301,5.238931154470281,5.237197050357558
537,0.011857032775878906,830.07519743019,0.013787211666242407,5.23866981656354,5.237441194552614
538,0.011874914169311523,830.075197434969,0.012589987335754125,5.2383959811196785,5.237541097792604
539,0.01189279556274414,830.0751974581054,0.01466115995901537,5.238039606937433,5.237728026443839
540,0.011937141418457031,830.0751975630644,0.010767318148988672,5.237626659114186,5.237951855705903
541,0.011957645416259766,830.0751976682016,0.015442629231082252,5.237387363817917,5.238073747612676
542,0.01197671890258789,830.0751977269157,0.010851830831959938,5.237271209811941,5.238139481592309
543,0.01199483871459961,830.0751977838866,0.011964281934928095,5.237224278742203,5.238093781427942
544,0.01201319694519043,830.0751977819616,0.01027063745607724,5.237275714138416,5.2380105335736005
545,0.012031316757202148,830.0751976070813,0.02038252787066609,5.237475671695104,5.238069519417219
546,0.012049674987792969,830.0751975115655,0.00625523067285337,5.2376147291708515,5.238075281976252
547,0.012067317962646484,830.0751974012909,0.024965812001540223,5.237934094876661,5.237923592188852
548,0.012085437774658203,830.0751974118572,0.010731612458475807,5.238124323410832,5.237741587385755
549,0.01214456558227539,830.0751973438928,0.01779115128043607,5.2384570504419115,5.237652370996155
550,0.012166023254394531,830.0751973724987,0.009283128856254572,5.238798183348671,5.237489127199672
551,0.012185335159301758,830.0751973541824,0.012975499758187563,5.239126031868738,5.2374702800911495
552,0.01220393180847168,830.0751974047666,0.018796564047168767,5.239241363184615,5.237398296210612
553,0.012223005294799805,830.0751973824629,0.028223886377463495,5.239590778374048,5.237472546911291
554,0.012241840362548828,830.0751973627392,0.0062946701104681455,5.239867417798696,5.237589680165793
555,0.01226043701171875,830.0751974322861,0.007751272058191301,5.240150579983809,5.237625533643197
556,0.012279272079467773,830.0751975408383,0.011642256012041769,5.240326742449697,5.237571993153129
557,0.012297868728637695,830.0751976628547,0.00495464142182028,5.24053159238199,5.2375414366106705
558,0.012316465377807617,830.0751980191523,0.025110943777423424,5.240818867791591,5.2372848824867395
559,0.01233530044555664,830.0751983566528,0.01408650100616351,5.241158427139985,5.237169223053261
560,0.012354612350463867,830.0751987132476,0.0015896456162198902,5.241458971720639,5.2370500595422875
561,0.012385368347167969,830.0751989963511,0.00583512889176574,5.241674906858319,5.236963515680215
562,0.012408018112182617,830.0751991946959,0.005333385509461015,5.241825628706793,5.236916315213621
563,0.01242685317993164,830.0751991393427,0.017330869191297855,5.24181070006336,5.236959637335233
564,0.012445449829101562,830.0751989348944,0.012285136218141894,5.241736948131313,5.237105652563568
565,0.012464046478271484,830.0751988318661,0.0107305113007945,5.241655733516389,5.237130791979088
566,0.012481927871704102,830.075198461383,0.03286785057650674,5.241254391320281,5.237136620842265
567,0.012500286102294922,830.0751982185478,0.005783219719079122,5.240876176337879,5.237086591826749
568,0.012518882751464844,830.0751980242061,0.002559665032698843,5.240523779905276,5.237064173625928
569,0.012537240982055664,830.0751979937961,0.011262623448221647,5.240291643535551,5.236970131170827
570,0.012555837631225586,830.0751980655181,0.008665444616123251,5.2400707229092065,5.236799673129095
571,0.012574195861816406,830.0751981095325,0.005987473481737639,5.239898415223966,5.236699941678365
572,0.012593507766723633,830.0751981832651,0.0035760306099266075,5.239776940875578,5.23659794953055
573,0.012612581253051758,830.0751981203847,0.013829106387381728,5.239696124442535,5.23664147685043
574,0.012631416320800781,830.0751979918251,0.01444147752570196,5.239731340051545,5.236776580259447
575,0.012650012969970703,830.0751978184963,0.01433189796333436,5.239625409612494,5.236938171208222
576,0.012668132781982422,830.0751977778926,0.01344665962503193,5.239477750142834,5.236959733509664
577,0.01268625259399414,830.0751977953626,0.0066050959776295624,5.239390559756875,5.236931453602101
578,0.01270437240600586,830.0751978142512,0.0016732547837215919,5.239295388574207,5.236904955904291
579,0.012722969055175781,830.0751977240711,0.012588590276699837,5.239176239688379,5.237002456060107
580,0.012740850448608398,830.0751975723515,0.009473874462653952,5.23906675066248,5.237184918103392
581,0.012758731842041016,830.0751975257926,0.009898232937240684,5.238979769428561,5.237250828837678
582,0.012776374816894531,830.0751973973673,0.020773506877538938,5.239082647845147,5.2374118065522905
583,0.01279449462890625,830.0751972311941,0.015960412355835417,5.239298652379131,5.2376578915890235
584,0.012812376022338867,830.0751970980949,0.007401269901281527,5.239545419202332,5.237931675127359
585,0.012830257415771484,830.0751969970436,0.008612492581512081,5.239788389795724,5.238261635739869
586,0.012848615646362305,830.0751970124708,0.012615043467757126,5.240052096991689,5.238440761836182
587,0.01286625862121582,830.0751969830012,0.0204314313200474,5.24018986211114,5.238780384637251
588,0.012884140014648438,830.0751969649087,0.014157658819804906,5.240210691541642,5.238989080656845
589,0.012902021408081055,830.0751969712372,0.01267041742473268,5.240242228181234,5.239302964044853
590,0.012920141220092773,830.0751969741606,0.0157610921209521,5.240140908710188,5.239675005047682
591,0.012938499450683594,830.0751969916755,0.014412298829549057,5.23990774491082,5.240034624463643
592,0.012959718704223633,830.0751971140492,0.018984349739619603,5.239563812613429,5.240492676130614
593,0.012978553771972656,830.0751973699392,0.018013358950959353,5.239431559785369,5.240936824030876
594,0.012996435165405273,830.0751978001028,0.02769461768128438,5.2395647761744755,5.241450890786332
595,0.013014793395996094,830.0751984149421,0.013347003715258987,5.2396360475849795,5.242037848982297
596,0.013032913208007812,830.0751989407746,0.012708173610220794,5.2396213851292845,5.242466415482512
597,0.01305079460144043,830.0751993530165,0.00921158149235123,5.23956351268554,5.24277156878419
598,0.013068675994873047,830.075199676516,0.006694153740531775,5.239548662501588,5.242990576520603
599,0.013087749481201172,830.0751999257716,0.004518256916310135,5.239558819660987,5.2431491067444655
600,0.013129234313964844,830.0752002169836,0.009464583074853051,5.23948302244207,5.2433335362741635
601,0.013148307800292969,830.0752006939139,0.012787111053203659,5.239478817423623,5.243610218033691
602,0.01316690444946289,830.0752010082014,0.007760555497022207,5.2394532577833095,5.243784743590378
603,0.013185262680053711,830.0752011749294,0.00809239923399135,5.239472545952002,5.243872823168632
604,0.013203620910644531,830.0752009694304,0.020903118962167563,5.239563149000917,5.2437563158344425
605,0.01322174072265625,830.0752007385934,0.005891612056271378,5.239692197388609,5.2436166120948835
606,0.013239622116088867,830.0752004662744,0.00781797673760419,5.239738569000715,5.243455609013379
607,0.013258218765258789,830.0752004810737,0.01628545934763587,5.239872159075974,5.243445183609457
608,0.013276338577270508,830.075200448067,0.0037658189892396422,5.239964881717615,5.243410082546925
609,0.013295888900756836,830.0752004323379,0.009707927096412584,5.240144343013894,5.2433641288498976
610,0.013314008712768555,830.0752002600574,0.012160263635254272,5.240346242559791,5.243208069593716
611,0.013332366943359375,830.0752000422917,0.009701858532664214,5.240587844960582,5.242991291579917
612,0.013350725173950195,830.0751998502622,0.01232933666640085,5.240685468740351,5.242825256980367
613,0.013384103775024414,830.0751996145999,0.023774711278431004,5.240960411720491,5.242529114652787
614,0.01340627670288086,830.0751994408014,0.013846561921715215,5.241314847927365,5.242174686630471
615,0.013425827026367188,830.0751993759523,0.0009398852781693057,5.241642557343493,5.241852186398383
616,0.01344442367553711,830.075199219776,0.012199775749936715,5.241829845464176,5.241504535369347
617,0.01346278190612793,830.0751994393718,0.022167390214567782,5.2421380679728244,5.241363793305868
618,0.013480901718139648,830.0751996358038,0.003339407806784113,5.242403631948712,5.241205899387811
619,0.013498783111572266,830.0751997817617,0.0132610950711251,5.242545393305352,5.241153954922682
620,0.013516664505004883,830.0751999578507,0.0074113696892971065,5.242658533907882,5.241179897359418
621,0.013534784317016602,830.0752002289989,0.01575374219004801,5.242743821188491,5.24135991237131
622,0.013553142547607422,830.0752006141134,0.009656505726447025,5.242915980640244,5.2415069766775
623,0.013571739196777344,830.0752010186345,0.004758355363775487,5.243111753618696,5.24161489792476
624,0.013589620590209961,830.0752013436468,0.018988166011176262,5.243162069919559,5.241854186910131
625,0.013607263565063477,830.075201764881,0.009779498197458313,5.24329843480986,5.242033934469525
626,0.013624906539916992,830.0752023245936,0.01676148434938289,5.243395853270675,5.242361400189767
627,0.013643264770507812,830.075202819053,0.014011334117067401,5.2433781095458585,5.242748413976958
628,0.013661623001098633,830.0752034804573,0.012162701084585212,5.243481258735113,5.2430721519512185
629,0.01367950439453125,830.0752042127324,0.009564151100514718,5.243662580930755,5.243327223074979
630,0.013697624206542969,830.0752053537332,0.017247101068714063,5.24395702180636,5.243668677438495
631,0.013715505599975586,830.0752059993985,0.023792251463407695,5.24422009299585,5.243738071643459
632,0.013733863830566406,830.0752061822843,0.015695148481553275,5.244368384923222,5.243670886740835
633,0.013751983642578125,830.0752066070636,0.01604557235075896,5.24465539402078,5.243563841860921
634,0.013769865036010742,830.0752071423652,0.01870913642077488,5.24483583444032,5.243637618455884
635,0.013787984848022461,830.0752074399614,0.006683625978037676,5.244945647989526,5.243662760491551
636,0.013806343078613281,830.0752076241055,0.007652983187291874,5.24506355114405,5.243611272781138
637,0.013824462890625,830.0752074749583,0.010822172624593535,5.245079653495604,5.243504850115448
638,0.013842582702636719,830.0752074597881,0.009369261232981266,5.245175242524183,5.243362148543707
639,0.013860702514648438,830.0752076777239,0.00831564449207734,5.2453034404198196,5.2433053891146875
640,0.013878583908081055,830.0752080531505,0.01063722567518251,5.24551550297066,5.243209952780337
641,0.013896703720092773,830.0752084297653,0.012932989870762917,5.245644275971667,5.243237514419191
642,0.013914823532104492,830.0752082921183,0.02178065391471711,5.245546934660591,5.243306700804649
643,0.013933420181274414,830.0752081669807,0.0037938085622818865,5.245436556323643,5.243399312789078
644,0.013951539993286133,830.0752081901187,0.004446369260645438,5.24536435206837,5.243517886351868
645,0.013970136642456055,830.0752081902413,0.0010470544420821675,5.245295232987826,5.243614983202824
646,0.013988018035888672,830.0752081018671,0.009212045541671368,5.245259783691092,5.243614221662561
647,0.01400613784790039,830.0752076481085,0.013437605093015465,5.245098152171303,5.243578496457427
648,0.01402425765991211,830.0752074523239,0.01970564021120822,5.245117892964745,5.243438932606481
649,0.014042139053344727,830.0752071117797,0.010572080622164186,5.245036993112312,5.243351296149532
650,0.014060020446777344,830.0752063744196,0.015463695628090256,5.2448352596938035,5.243187034192814
651,0.014078617095947266,830.0752055956569,0.009412638942169689,5.244565979532934,5.243073330000899
652,0.014118194580078125,830.0752043300294,0.024346291538826198,5.244169278125949,5.242782713206034
653,0.014139890670776367,830.0752031161722,0.008294757107925444,5.243782209667704,5.242443840132538
654,0.014158964157104492,830.0752023118155,0.009677963138103358,5.24349668689425,5.2422124585603465
655,0.014177799224853516,830.0752011730367,0.026338383725552597,5.24310572130221,5.241777463386851
656,0.014195919036865234,830.0751999131865,0.022128157969160664,5.24254376766202,5.241316469563363
657,0.014214038848876953,830.0751989058753,0.0056911774265280286,5.242021340181721,5.240847159245094
658,0.014232158660888672,830.0751981433084,0.0028740598922363616,5.241536055088243,5.2404003258972764
659,0.014250516891479492,830.0751975444704,0.0082118660725481,5.241039251905298,5.239942159097381
660,0.014268636703491211,830.0751970851788,0.024346323355777764,5.240397423214759,5.239675973225701
661,0.01428675651550293,830.0751969008427,0.020349983879812107,5.240018698221114,5.239479332490576
662,0.014304876327514648,830.075196780204,0.014914414572875926,5.239589308887526,5.239182334146378
663,0.014322757720947266,830.07519676788,0.0056970209953355255,5.239258520106526,5.2389028952508205
664,0.014340877532958984,830.0751968463796,0.010131434482980659,5.238889337348392,5.238579593368875
665,0.014358997344970703,830.0751970318062,0.018206819445886195,5.238383412048818,5.238343309406693
666,0.01437687873840332,830.0751972863825,0.013870637157939802,5.237869031728786,5.238256164176187
667,0.014394760131835938,830.0751976896679,0.009535396917925194,5.237316488028881,5.2381451149704805
668,0.014412879943847656,830.0751981071401,0.0080126977815801,5.236840478895963,5.238122420188836
669,0.014430999755859375,830.0751984417935,0.011019770613720057,5.236522176077985,5.23809748545459
670,0.014449119567871094,830.0751988515519,0.0057038624569893505,5.236184429820713,5.238050055992187
671,0.014467000961303711,830.0751992117096,0.014447588604277032,5.235962671685958,5.237888566182327
672,0.014486551284790039,830.0751996498966,0.006159292658364451,5.2357015849037305,5.237739925370329
673,0.014505624771118164,830.0752002452916,0.012885446152051849,5.235342057047948,5.237639176379172
674,0.014523983001708984,830.0752006145808,0.012345848862743519,5.235119365021622,5.237619668359609
675,0.014542102813720703,830.0752010806217,0.013792764012296767,5.234818530833049,5.237696671132023
676,0.01455998420715332,830.0752015815493,0.007966277733495206,5.234547355002537,5.237686311983879
677,0.014577865600585938,830.075201655225,0.020732165746621133,5.234510606735282,5.237679189150864
678,0.014595985412597656,830.075201608737,0.013977718529372504,5.2345722410335345,5.237569977308633
679,0.014613866806030273,830.0752015753362,0.00623210718319561,5.234604630994661,5.237529576094502
680,0.014632463455200195,830.075201234822,0.016362199017411164,5.234794869139859,5.237521904303779
681,0.014650583267211914,830.0752007906307,0.014900176038910943,5.2350896916016065,5.237431797801929
682,0.014668464660644531,830.075200530831,0.006176579398495265,5.235299907078678,5.237322840211055
683,0.014686107635498047,830.0752000733095,0.01670474570609672,5.235580748623487,5.23736444071311
684,0.014704227447509766,830.0751997188753,0.00394817159097924,5.2358004796839355,5.237423516030937
685,0.014722108840942383,830.0751993106808,0.011668077750555103,5.236106547750194,5.237433286541614
686,0.014740228652954102,830.0751988006251,0.013373230292304725,5.236489003805079,5.237522307444371
687,0.014758586883544922,830.0751982146137,0.01710100961729834,5.236998584644908,5.237645981818621
688,0.014776468276977539,830.0751977013716,0.011444463324076918,5.237571537127197,5.237762415911512
689,0.014794349670410156,830.0751973106728,0.00701315610230749,5.238118425564079,5.237930000287647
690,0.014812231063842773,830.0751972124172,0.029544108534600134,5.23834678457583,5.237947884199351
691,0.014830350875854492,830.0751970718558,0.015615044624031977,5.238686020849464,5.238044625562221
692,0.01484823226928711,830.0751969243447,0.015904894151691724,5.238998115774298,5.238290597057139
693,0.014866113662719727,830.075196854418,0.014923622288403321,5.239428194772381,5.238515539338248
694,0.014883995056152344,830.0751968584462,0.01062718691390665,5.239716889489383,5.2386777904040684
695,0.014902114868164062,830.0751969101208,0.006872439110802221,5.2400281289650055,5.238869419201527
696,0.01491999626159668,830.0751970540218,0.01937274495047384,5.240380263559523,5.238862041913201
697,0.014938116073608398,830.0751971658686,0.010110200052757546,5.240597193324785,5.238870346933846
698,0.014956474304199219,830.0751973465179,0.009433633476868267,5.240885014428795,5.238859724805697
699,0.014974594116210938,830.0751975766411,0.005399713261916913,5.24119567256963,5.23886601272841
700,0.014992952346801758,830.0751979128623,0.031855992676097504,5.241511609489623,5.238555192005655
701,0.015011310577392578,830.0751985050067,0.032591463262202566,5.242056562781893,5.238471164218837
702,0.015028953552246094,830.0751991267803,0.005488489498973927,5.242547811608618,5.238450418407422
703,0.015047073364257812,830.0751997070488,0.004536563293016143,5.24294619920543,5.238419698418653
704,0.01506495475769043,830.0752004474248,0.010570490982602928,5.24340698439329,5.238418906648728
705,0.015083074569702148,830.075201294847,0.011258198993693794,5.2438601731866585,5.238312393155194
706,0.015120744705200195,830.0752023040959,0.010138357050436865,5.244336410328153,5.23814166746463
707,0.015140771865844727,830.0752032700311,0.004970289133393165,5.244761910745989,5.238037619651092
708,0.015159130096435547,830.0752043255999,0.01001418739091883,5.245173738617537,5.2378480887408205
709,0.015177726745605469,830.0752054495595,0.01286909526253527,5.245609842607477,5.237788310258092
710,0.015195846557617188,830.0752066688987,0.005555762066975988,5.2460459836824,5.237700135994836
711,0.015214204788208008,830.0752076042875,0.014539986207820607,5.246335805487774,5.237517857976513
712,0.015232086181640625,830.075208908844,0.023835784586127885,5.246773900971328,5.23751316529274
713,0.015250205993652344,830.0752098288934,0.009801925795515296,5.2470716501937105,5.237525925340148
714,0.015268087387084961,830.0752101830177,0.015231299160601425,5.247188371038698,5.237555343699503
715,0.015286445617675781,830.0752103518864,0.007264299235225713,5.247236662000917,5.237536481975565
716,0.0153045654296875,830.0752102099767,0.009103060972596933,5.247189097050628,5.237518675386262
717,0.015322685241699219,830.0752098287629,0.009697927803830565,5.247081919792941,5.237575186602532
718,0.015340805053710938,830.0752094940194,0.019415891393156637,5.2469456821435845,5.237436006214035
719,0.015359163284301758,830.0752089361653,0.018880561275398288,5.246778593648098,5.23749423655737
720,0.015377283096313477,830.075208435459,0.015551456628208124,5.246657418677412,5.23769939159064
721,0.015395402908325195,830.0752077956523,0.00696366448417981,5.246479339406885,5.237893264422062
722,0.015413761138916016,830.0752077074745,0.021868987816797216,5.246497159332492,5.238194670270885
723,0.015431880950927734,830.075207927117,0.009700099686923628,5.246598495591185,5.2384197469103
724,0.015449762344360352,830.0752084968173,0.012325721125065801,5.246800564131922,5.2385684541128015
725,0.015467643737792969,830.0752087633172,0.025830873319106124,5.246908695648903,5.238949853241107
726,0.015485525131225586,830.0752093824731,0.01853401749246633,5.247108766483165,5.239138862949095
727,0.015503883361816406,830.0752096551996,0.010481229112702368,5.247193650266085,5.239265081025788
728,0.015521764755249023,830.0752099685632,0.012737183703502797,5.247290220282519,5.239252913349628
729,0.015539884567260742,830.0752110229876,0.02379931530420539,5.247606881325421,5.23917986103632
730,0.015558481216430664,830.0752117839345,0.011365912215503161,5.247828103118189,5.239208195737478
731,0.015576839447021484,830.0752123738908,0.01101218163610887,5.2479946703931954,5.239338903723967
732,0.015595197677612305,830.075212737594,0.0063833906725599045,5.248094922047929,5.239416431536139
733,0.015613079071044922,830.0752138378496,0.02090517446832086,5.24839373695738,5.239500117099697
734,0.01563119888305664,830.0752142681549,0.029499693172219735,5.248493262058519,5.239816937754351
735,0.01564955711364746,830.0752147008999,0.007948352828124549,5.248576823110908,5.24018133221191
736,0.015667438507080078,830.0752154401213,0.018644646694399247,5.248704366990614,5.240688236717077
737,0.015685558319091797,830.0752165481913,0.01028276307050497,5.248915540064096,5.241108621638245
738,0.015703916549682617,830.0752176964071,0.012037132523991353,5.249149388621532,5.24137484560135
739,0.01572251319885254,830.0752194337073,0.017976765019949263,5.249531749854169,5.2415618387380825
740,0.015740633010864258,830.075220658948,0.012413388004570522,5.249767730198935,5.241791074583289
741,0.01575922966003418,830.0752212060337,0.02479595827298789,5.2499021493037255,5.241762002704204
742,0.015777587890625,830.0752210195182,0.01649941167818543,5.2498597162605325,5.241758644872776
743,0.015796184539794922,830.0752217563896,0.022721244953376546,5.249994365151424,5.241903109451968
744,0.015814542770385742,830.075222364074,0.0033890375297397825,5.250108455584755,5.241999987886698
745,0.01583266258239746,830.075222669432,0.005450576518904817,5.250159587595329,5.242069471419478
746,0.01585102081298828,830.0752228955239,0.013903855682846694,5.250229675960742,5.241995067281165
747,0.0158693790435791,830.0752229048024,0.006026630809486732,5.250240888094873,5.241958792337276
748,0.015887737274169922,830.0752225841713,0.021131366751497318,5.25013203941151,5.242100806951944
749,0.01590585708618164,830.0752216720724,0.022026083599078802,5.249942861952478,5.242028133429732
750,0.01592421531677246,830.0752200379134,0.025091446580020202,5.24962975507398,5.241756444064851
751,0.01594233512878418,830.0752183156297,0.01271725341860671,5.249297955718636,5.241394994012445
752,0.015960216522216797,830.0752159905331,0.02202790413629637,5.248796356890161,5.24098411901891
753,0.015978574752807617,830.0752141302921,0.003195880067366241,5.248364567419714,5.240639535950247
754,0.01599717140197754,830.0752118751839,0.021287219883436796,5.2477719344913965,5.240390151877687
755,0.01601552963256836,830.0752097864923,0.011212665485492724,5.247187622904038,5.240065819755502
756,0.016033649444580078,830.0752084137644,0.01357529388723521,5.246782394789855,5.239711696417592
757,0.016051769256591797,830.0752067780811,0.020870089839666303,5.246246268941477,5.239273943145627
758,0.016069889068603516,830.0752054040231,0.01826860178605365,5.245744644627212,5.239061648851367
759,0.016098737716674805,830.0752039775365,0.016827793729591152,5.245178750551111,5.238993964444165
760,0.016132116317749023,830.0752031797313,0.018428247481771652,5.244839089737762,5.239005027592277
761,0.016152381896972656,830.0752026100333,0.010311247163212,5.244579556310502,5.238922781845627
762,0.016170978546142578,830.0752019466818,0.015687543211628095,5.244268078395512,5.23898492905915
763,0.0161893367767334,830.0752012279844,0.019770624715666204,5.243896920777111,5.238865253674694
764,0.016207456588745117,830.075200870735,0.013426775492213506,5.243696583585143,5.238769829666759
765,0.016225337982177734,830.0752004593643,0.009861982463287811,5.24344565002958,5.238615120294758
766,0.016243696212768555,830.0751999270253,0.01272314446827341,5.243095017152247,5.238451090163729
767,0.016261816024780273,830.075199382518,0.015061994338975407,5.242730939315154,5.238446057987059
768,0.016280412673950195,830.0751986419012,0.029016797557521283,5.242134970045865,5.238331016654117
769,0.01629924774169922,830.0751981068776,0.0034397864230582857,5.241615047725106,5.238257688887646
770,0.016319751739501953,830.0751978827942,0.01868498879560597,5.241272952814962,5.23805356935811
771,0.01633930206298828,830.0751976241369,0.014221649249745071,5.240826415383978,5.237901502741481
772,0.01635885238647461,830.0751975180132,0.007462065442445909,5.240495316451116,5.237741025832375
773,0.016376972198486328,830.0751975002847,0.006399766165552515,5.24017560715144,5.237536397519515
774,0.016396045684814453,830.0751974542769,0.011346136558451627,5.239895251610251,5.2374654529517475
775,0.01641392707824707,830.0751973607368,0.01817874044613274,5.2397497076744886,5.237548727057961
776,0.01643204689025879,830.0751971977941,0.019712408287001673,5.23945338611407,5.237731020052019
777,0.016449928283691406,830.0751970012761,0.01911454341278574,5.239154122590759,5.238083433166006
778,0.016467809677124023,830.0751969188325,0.005755200916503905,5.238862363141843,5.23834760048566
779,0.016486167907714844,830.0751968676316,0.01690089902327669,5.238577913887515,5.238752939640213
780,0.01650381088256836,830.0751968418516,0.021036155783420375,5.238530964778686,5.2390943376159544
781,0.016521930694580078,830.0751968663684,0.003729632740784827,5.238476312702409,5.2394367711925
782,0.016539812088012695,830.0751969265121,0.0029660347631280735,5.23845108730686,5.2397624423732765
783,0.016557931900024414,830.0751970155202,0.014238121632146867,5.238331725115291,5.239951002743639
784,0.01657581329345703,830.0751970529025,0.01280645891561459,5.2383453297910565,5.240078848730156
785,0.016594409942626953,830.0751970933794,0.01346492932000826,5.238463403508468,5.240277160025752
786,0.01661229133605957,830.0751971784955,0.007636514085435901,5.238597254228158,5.240526849299686
787,0.01663041114807129,830.0751974183595,0.02220705893782608,5.238768678164763,5.240967714503812
788,0.01664876937866211,830.0751976150582,0.012649144495025931,5.238993529997119,5.241259517381275
789,0.01666712760925293,830.0751978272589,0.0021516181931131337,5.2391784437899975,5.241509556493972
790,0.01668524742126465,830.075198043357,0.012707749065250254,5.2392178509223415,5.241730615898571
791,0.016703128814697266,830.075198301013,0.007911967087658607,5.23918606841392,5.241971252741478
792,0.016721010208129883,830.0751985558114,0.008632162860235014,5.239243760562755,5.242189912477325
793,0.0167388916015625,830.0751987740276,0.009859459351387493,5.239199341395988,5.242365751681628
794,0.01675701141357422,830.0751990102772,0.02556700440721085,5.23890382964546,5.242532331058371
795,0.016774892807006836,830.0751991329108,0.01749570894883485,5.238508253415852,5.242564737539387
796,0.016793012619018555,830.0751992314928,0.014877728711418924,5.238300903646223,5.242588223754292
797,0.016810894012451172,830.0751992817578,0.004171080542267265,5.238107718474082,5.24256817128334
798,0.01682901382446289,830.0751991744277,0.016622815466306926,5.238084872836823,5.2424806657869345
799,0.01684713363647461,830.0751989177531,0.015532558137068346,5.2381954480521955,5.242318668363272
800,0.016865015029907227,830.0751986587238,0.009668366714972837,5.238391421619196,5.24216623773199
801,0.016882896423339844,830.075198498806,0.0069960065166639746,5.238504847244159,5.242059572852509
802,0.01690053939819336,830.0751984212793,0.008658561928469616,5.238666021665694,5.242026861748407
803,0.016918659210205078,830.0751986386578,0.023383661215613347,5.238778437286605,5.242228968948397
804,0.016936540603637695,830.075199018245,0.016399832737839078,5.238759274481967,5.242522285761702
805,0.016954898834228516,830.0751994408951,0.0041873667346931705,5.238760712790395,5.242823744631784
806,0.016972780227661133,830.0751995792233,0.02179141836117056,5.238658115340107,5.242903503291644
807,0.01699090003967285,830.0751997237691,0.006211628635072937,5.238624996694825,5.242994035377917
808,0.017008543014526367,830.075199576117,0.018575978715423807,5.238661188861883,5.24290187429066
809,0.017026424407958984,830.0751994491062,0.003456450555510766,5.238659352046314,5.2428156623481685
810,0.0170440673828125,830.0751992575875,0.012775185054946294,5.23877917949434,5.242698536760781
811,0.017061948776245117,830.0751991323136,0.01778927583102076,5.23870924179496,5.2425993887766955
812,0.017079830169677734,830.0751989385626,0.008685793399857531,5.238599707934424,5.242436850209094
813,0.017120361328125,830.0751985747575,0.01637751919957208,5.23855601763183,5.242136262606047
814,0.017140865325927734,830.0751983664281,0.013140591909439534,5.238602306643556,5.241965425261618
815,0.017159700393676758,830.0751982838365,0.009753357143289015,5.2385802062460645,5.2418854781226925
816,0.017177581787109375,830.0751982199301,0.0013438079117239444,5.23856947813883,5.241823356014846
817,0.017195940017700195,830.0751981372683,0.007682215884694713,5.238495914751798,5.241724815142474
818,0.017213821411132812,830.0751981188668,0.010904763414321148,5.238321702454811,5.241651170058514
819,0.01723170280456543,830.0751979430404,0.0172926763407273,5.238265058351174,5.2414439134169895
820,0.01725006103515625,830.0751978625784,0.010106950307821778,5.238116162246979,5.241282430811314
821,0.017267942428588867,830.0751977280368,0.010392267945916054,5.237981422807194,5.241033176371439
822,0.017286062240600586,830.0751976518642,0.024205266106385487,5.237670093444381,5.240658963363107
823,0.017303943634033203,830.0751977123438,0.00865590207286595,5.2373087170290304,5.240292133788092
824,0.017322063446044922,830.0751977826679,0.022478440560120484,5.237136203302837,5.24012692075973
825,0.01734018325805664,830.0751979394173,0.011114747057795997,5.236882968689385,5.239925739068399
826,0.017357826232910156,830.0751981415377,0.003134529853917062,5.236627708220417,5.23972936076224
827,0.017375707626342773,830.0751983016634,0.010354355208323441,5.236438797082609,5.2394574639593205
828,0.017393827438354492,830.0751985450614,0.0074773858054514005,5.236217571952602,5.2391582667736545
829,0.01741194725036621,830.0751987025327,0.009626751059260724,5.236108429306782,5.238854716326238
830,0.017429828643798828,830.0751989375927,0.00712933402269336,5.2359571912971905,5.2386291939732095
831,0.01744818687438965,830.0751991918282,0.01485534584898383,5.235779110483665,5.238568726255825
832,0.017466306686401367,830.0751995364496,0.01394087625981967,5.235575241623715,5.238381888616624
833,0.017484188079833984,830.0751997730443,0.012082592536870305,5.235480041763606,5.238131241271202
834,0.0175020694732666,830.0752001223818,0.011599162646169213,5.235361319913303,5.237794472846399
835,0.01751995086669922,830.075200490441,0.01468818026309665,5.235310029379855,5.237355412713246
836,0.017538785934448242,830.0752009928918,0.014616510739745276,5.235283710361911,5.236815446593504
837,0.017557144165039062,830.0752019797217,0.023043330484386594,5.235135311627176,5.236135707841091
838,0.01757502555847168,830.0752032169906,0.015547727108891886,5.235030993919627,5.235371240191334
839,0.017592906951904297,830.0752041778844,0.01829529089655213,5.235117628703702,5.234712952053405
840,0.017611265182495117,830.0752046794416,0.020055590175204193,5.235324275681528,5.234274327839444
841,0.017628908157348633,830.0752047006142,0.019904969717222335,5.235613330843773,5.234049850405817
842,0.01764702796936035,830.0752048062485,0.02456183980470071,5.236076044539608,5.233708909941377
843,0.01766490936279297,830.0752047878898,0.014619571615354172,5.236635034653867,5.23343451834669
844,0.017682790756225586,830.0752046478106,0.011326053452531116,5.237218875183008,5.233266985549042
845,0.017700672149658203,830.0752047199234,0.005426681270007199,5.23778320082709,5.233078336851727
846,0.017719507217407227,830.0752052265591,0.013411986754110343,5.238326333691904,5.232779145542086
847,0.017737627029418945,830.0752058616744,0.002617822438418222,5.238794372136265,5.232493953441839
848,0.017755508422851562,830.0752066591066,0.005028819282455168,5.239190040660046,5.232193976070461
849,0.01777338981628418,830.0752071177993,0.01257594667991169,5.239583762754521,5.232043997049793
850,0.0177915096282959,830.0752074771174,0.0061413360344945754,5.239887017147358,5.231943087202176
851,0.017809629440307617,830.0752076859628,0.00945740598080111,5.240074194248956,5.231892154084582
852,0.017827510833740234,830.0752073408164,0.024023671984622047,5.240367117207885,5.2320517954261305
853,0.01784539222717285,830.0752066173974,0.01593212504781508,5.240579526492684,5.232346335588771
854,0.017863035202026367,830.0752061221809,0.013105558035003177,5.2406580749648715,5.232544396912589
855,0.017880678176879883,830.075205850525,0.02666121093842352,5.24099526435176,5.2327305277468
856,0.0178983211517334,830.0752052809515,0.0150641017023613,5.241206133957744,5.233016863846472
857,0.017916440963745117,830.075204537838,0.013793464215297594,5.241278716841735,5.233347299969626
858,0.017934322357177734,830.0752032922032,0.032498044672627215,5.241423775766694,5.2339597396633994
859,0.01795220375061035,830.0752020573476,0.017134384311356485,5.24160835525881,5.234673538752553
860,0.017973899841308594,830.0752010630509,0.007444881783568015,5.241700113385577,5.235312392989955
861,0.017993927001953125,830.0752000910073,0.013542235158672165,5.241723385536813,5.23600910546009
862,0.018012046813964844,830.0751994573251,0.007012375820405795,5.241814453670024,5.236635866160007
863,0.018030166625976562,830.0751988699567,0.013104897244014948,5.241767380319596,5.237222839368602
864,0.018048524856567383,830.0751986638671,0.018059952339640424,5.241904127425255,5.237727992157052
865,0.018066883087158203,830.0751985645284,0.01856792857205244,5.242077938438811,5.23836124206752
866,0.018085002899169922,830.0751989016592,0.02402979976349493,5.242458924168866,5.2390167111996915
867,0.018126726150512695,830.0751993468645,0.015550197623538976,5.242776848069354,5.239453148238791
868,0.018146753311157227,830.0751995499173,0.024067599370268523,5.242846651618582,5.23995142686747
869,0.01816558837890625,830.0751997959671,0.006584230057134914,5.242874706009041,5.240455791306239
870,0.01818370819091797,830.075200012781,0.014252699847820688,5.24290103038939,5.240767196360003
871,0.01820206642150879,830.0752006387243,0.025687760485345552,5.243181574937369,5.241043877217718
872,0.018220186233520508,830.0752011247806,0.012939138716501679,5.24332285152894,5.2413590238549075
873,0.018238544464111328,830.0752015943425,0.0016551541578742545,5.24345392517291,5.241626576333117
874,0.01825690269470215,830.075201745132,0.015093283686247292,5.243430944329926,5.241813386251237
875,0.01827549934387207,830.0752020532848,0.009054753329859572,5.243500710912434,5.241985730917604
876,0.01829361915588379,830.075201866161,0.028207435212528047,5.243461287483202,5.241877937388765
877,0.018311500549316406,830.0752013121722,0.024762925705957305,5.24317884973519,5.241799162077697
878,0.018329620361328125,830.0752009042118,0.003486524829178904,5.242946617158102,5.2417553434893565
879,0.018347740173339844,830.075200562804,0.006965490744823925,5.242780491074939,5.241661017469607
880,0.018365859985351562,830.0752000975904,0.010622314111580834,5.24253086355111,5.24154062006748
881,0.018384456634521484,830.0751997655655,0.028567675317708784,5.24216323888165,5.241679595530854
882,0.018402814865112305,830.0751997217744,0.015002565582695908,5.241875638291021,5.241948326259711
883,0.018420934677124023,830.0751998280697,0.006473831270728324,5.2416327591672305,5.242252923716398
884,0.018439054489135742,830.0751999602776,0.007225216586790611,5.241467873765153,5.242478728607135
885,0.018457412719726562,830.0751997962429,0.020844667584452393,5.24115281739913,5.2425567546607805
886,0.018475770950317383,830.0751995660618,0.010277991401431605,5.240894347409035,5.24252730530816
887,0.01849365234375,830.0751996129977,0.017107908571717935,5.240791968502039,5.2426117266864
888,0.01851201057434082,830.07519972129,0.0047079597262827825,5.240739643054387,5.242712829799368
889,0.01853013038635254,830.0751996373219,0.013507149917437181,5.2407031964821025,5.242669171327246
890,0.018548250198364258,830.0751995409634,0.008458753167900984,5.240587863419936,5.242648416778619
891,0.018566370010375977,830.0751997888925,0.022472008617544087,5.2406175371598716,5.2428105246949706
892,0.018584251403808594,830.0752000095201,0.01905652255768845,5.240817521805187,5.242877113919096
893,0.018602371215820312,830.0752001225292,0.01428536614434263,5.240854656830271,5.242936198110542
894,0.018620729446411133,830.0751999538041,0.01657309058379452,5.240817660492155,5.242839347025095
895,0.01863884925842285,830.0751996466253,0.012893397462800191,5.240671863681372,5.242689191399396
896,0.01865696907043457,830.0751998196409,0.030838720262581436,5.240535829211396,5.2428624009105755
897,0.018674612045288086,830.0751999457033,0.0033588358379822397,5.240421121229681,5.242985601055988
898,0.018692493438720703,830.0752000321008,0.011798496833528033,5.240200211487985,5.2431050615021775
899,0.018710613250732422,830.075200195852,0.004852401091916263,5.239980070659392,5.243256164312156
900,0.01872873306274414,830.0752002980752,0.0058273936279857885,5.2398170781234175,5.243345665562877
901,0.018746376037597656,830.0752002325312,0.009987382412168781,5.239657033050354,5.243327239365719
902,0.018764495849609375,830.0752001896809,0.0318795504855617,5.239830153945886,5.243278419451804
903,0.018782615661621094,830.075200288394,0.00807368433968823,5.240029281341784,5.243302613296094
904,0.01880049705505371,830.0752003798183,0.001265405273190428,5.240217403165575,5.243315399573825
905,0.01881861686706543,830.0752004508437,0.006611226752674702,5.240444899927812,5.243295521066203
906,0.01883697509765625,830.0752003111902,0.013056245969251262,5.240627069468791,5.243149034879324
907,0.01885509490966797,830.0752003779219,0.010304961315647057,5.2408217197066955,5.243115568429828
908,0.01887369155883789,830.0752004160521,0.0026642124010129767,5.240972890637459,5.243073910992641
909,0.018892526626586914,830.0752005998962,0.009111711546938893,5.241183011041492,5.24308948974746
910,0.01891183853149414,830.0752006928254,0.005297376635432936,5.241330708342333,5.243070475133754
911,0.018930673599243164,830.0752004890587,0.021881636881350235,5.2414981726494,5.242837288343263
912,0.018949270248413086,830.075200288462,0.005613185346197646,5.24167301566372,5.242576737269284
913,0.018967866897583008,830.0752002341551,0.01045056761310311,5.241796859154853,5.242441226989823
914,0.01898646354675293,830.0752004841468,0.0191681910442474,5.241948134874734,5.242506768658087
915,0.01900482177734375,830.0752004993883,0.016135863167785664,5.241925556256,5.242536731659999
916,0.01902318000793457,830.0752004600332,0.005737307370566693,5.241848175452255,5.24256968339606
917,0.01904153823852539,830.0752000738996,0.034130322767281396,5.241437590303336,5.2425836506092125
918,0.019059181213378906,830.0751998049254,0.0016831140543418217,5.241083748693534,5.242602325796542
919,0.019077062606811523,830.0751995559209,0.00872332488565856,5.240824086682404,5.242554691737875
920,0.01911330223083496,830.075199625599,0.021746553131387174,5.2407732626959245,5.242629503511401
921,0.019134521484375,830.0751995596141,0.008716234010922998,5.2407040487283645,5.2426128917408965
922,0.019153833389282227,830.0751995212677,0.003399405140552161,5.240617753327512,5.2426220131162165
923,0.01917243003845215,830.0751993822037,0.022889879830724106,5.240711329748609,5.2424783317987735
924,0.01919102668762207,830.0751991432682,0.009643083236246628,5.240790396909866,5.242252725486296
925,0.01920914649963379,830.0751991812131,0.01801058156027264,5.240896186318565,5.24222642521433
926,0.019227266311645508,830.0751990857582,0.010986064432074595,5.240896740911683,5.242146990943942
927,0.019245386123657227,830.0751989294392,0.007103399045556762,5.240908658514626,5.242005389856244
928,0.019263744354248047,830.0751986680027,0.010272680417695863,5.2408805686766025,5.2417828376832825
929,0.019282102584838867,830.0751985070536,0.014316220985241872,5.240769422589692,5.241697094558392
930,0.019300222396850586,830.0751985101233,0.012247926372690648,5.240714466542655,5.241733808912204
931,0.019318342208862305,830.0751985093,0.008021220657740044,5.240592845988397,5.241801879196095
932,0.019336938858032227,830.0751982761832,0.023854994822544707,5.240290032044581,5.241723429353811
933,0.01935553550720215,830.0751979509466,0.02148409335489568,5.239825243928945,5.24155693693664
934,0.019373178482055664,830.0751976668695,0.012407775143578756,5.2394859913017475,5.241311462541166
935,0.019391298294067383,830.0751974650796,0.0011282558127068715,5.239187856246113,5.241081842667927
936,0.0194094181060791,830.0751972555775,0.012452118011168543,5.238982159307932,5.240767557265632
937,0.01942729949951172,830.0751970902475,0.008030638426294793,5.238751219865508,5.240418743160885
938,0.019445419311523438,830.0751970114471,0.0021947226982666247,5.238536301955561,5.240125586938018
939,0.019463539123535156,830.0751969800812,0.0013977976766345974,5.238353654596334,5.239852846777153
940,0.019481420516967773,830.0751969133267,0.01908538559082493,5.238354054756838,5.239511090298097
941,0.019499540328979492,830.0751968788848,0.011570021461840576,5.238405913181893,5.239307116738689
942,0.01951742172241211,830.0751968639878,0.0055939080172559,5.238446367877902,5.2391791329679585
943,0.019535303115844727,830.0751968812476,0.008946922557476754,5.238414892031757,5.239005669282893
944,0.019552946090698242,830.0751968653138,0.017702754317361166,5.238556197676383,5.238798925007862
945,0.01957106590270996,830.0751968697737,0.007663174418801483,5.2386351043739285,5.238672374799588
946,0.01958918571472168,830.0751968620715,0.011042486622254356,5.2386773407529095,5.2386650881619605
947,0.0196073055267334,830.0751968667296,0.0037134951893781514,5.238696418359974,5.238626585464715
948,0.019625186920166016,830.0751968822439,0.015123440476621937,5.238818670436035,5.238483169209632
949,0.019643068313598633,830.075196939468,0.010918378726997788,5.238975371163372,5.238255389715437
950,0.01966094970703125,830.0751969718012,0.011352488141319984,5.239170296527367,5.238150304430597
951,0.01967906951904297,830.0751970072483,0.03171545416478485,5.239644924561445,5.238160938090578
952,0.019696950912475586,830.0751971375425,0.005248695648193423,5.240124442638816,5.238166758712158
953,0.019715070724487305,830.0751973318096,0.013316849159185538,5.240468846731666,5.238071316577843
954,0.019732952117919922,830.0751975059165,0.005784551093495821,5.240741316897234,5.2380294679389445
955,0.019750595092773438,830.0751976713176,0.003986585922488681,5.240988697104863,5.238031611623412
956,0.019768476486206055,830.0751980550848,0.02322125435941438,5.2413555874261295,5.237851565278628
957,0.019786357879638672,830.0751985411356,0.013128765669982223,5.24168524821478,5.237558237024227
958,0.019804954528808594,830.075199019724,0.0019264192889119386,5.241965301111603,5.237303945161052
959,0.01982283592224121,830.0751994074197,0.0070243890051178886,5.242147845125756,5.237085253750164
960,0.019840717315673828,830.0751999957652,0.019517100198806658,5.242329886602064,5.23669406946927
961,0.019858837127685547,830.0752005511912,0.007869761043138454,5.242427317530285,5.236299772065866
962,0.019876956939697266,830.0752006713462,0.024143864207218327,5.2423205210743,5.236087972492503
963,0.019895553588867188,830.0752007626897,0.004302731963008261,5.242238732801017,5.2359379243351505
964,0.019913434982299805,830.075200905022,0.004874569270899062,5.242152561593257,5.235755781686765
965,0.019931316375732422,830.0752009547136,0.005708953807282561,5.242022264290616,5.2356137020688465
966,0.01994943618774414,830.0752005851158,0.025605499983572397,5.2416875607040465,5.2356210551984415
967,0.01996755599975586,830.0752001692633,0.00878531219245944,5.241389888379984,5.235715453941226
968,0.019985675811767578,830.0751995502864,0.01820513802319441,5.241051806724204,5.235968394817377
969,0.0200040340423584,830.0751990900246,0.019623375834594788,5.24058326144954,5.236088698843025
970,0.020021677017211914,830.0751988404355,0.008257482853157708,5.240230115983456,5.2361509274148625
971,0.020039796829223633,830.0751985734967,0.015236606039185885,5.23976543874155,5.236247572690885
972,0.020059585571289062,830.075198579861,0.01909484601243268,5.239484766050737,5.2362020961417715
973,0.020078420639038086,830.0751985737576,0.02506151400307768,5.239478629945942,5.236206563549416
974,0.020140886306762695,830.0751984231983,0.01235342960143285,5.239444214901281,5.236330692262764
975,0.02016425132751465,830.0751981708232,0.021470723201520922,5.23958286039285,5.236574046167448
976,0.02018427848815918,830.0751981396035,0.016705763003736652,5.2397711338202,5.2366385429805655
977,0.020203113555908203,830.0751980741846,0.0142770551211689,5.239798348882678,5.2367089903799
978,0.020221948623657227,830.075197932469,0.017707751111285138,5.239652763180906,5.236821682905801
979,0.02024054527282715,830.0751979002587,0.009850769329568434,5.239577973012411,5.2368422286815015
980,0.02025890350341797,830.0751979759358,0.013675779744728847,5.23943598152651,5.236746153118142
981,0.02027726173400879,830.0751980222132,0.0031848769107478323,5.2393124433590375,5.236691248478061
982,0.02029561996459961,830.0751981166017,0.005704895986767088,5.239237220298706,5.236597546951478
983,0.020313501358032227,830.0751982169127,0.0031100359098451534,5.239139766518586,5.236504160756156
984,0.020331382751464844,830.0751983817903,0.01611177900964671,5.238898268985446,5.236372073140172
985,0.020349502563476562,830.0751984869523,0.006036028515313997,5.238674680970993,5.236313231136934
986,0.020367860794067383,830.0751986780472,0.009699632568126573,5.238530756242298,5.236182014256122
987,0.0203855037689209,830.0751987073094,0.016182044260361874,5.238330078940731,5.236209260860926
988,0.020403385162353516,830.0751989146064,0.013956453504994257,5.238158708606772,5.236094524426921
989,0.020421504974365234,830.0751990902163,0.008496534463897965,5.2380887912442695,5.235980776772053
990,0.020439863204956055,830.0751991339424,0.009181983787729749,5.238023888255346,5.235970202426586
991,0.020458221435546875,830.0751992318328,0.008962591190210296,5.238026515283616,5.235895058106194
992,0.020476341247558594,830.0751992495475,0.016466736134381623,5.237899616040887,5.235929439343877
993,0.020494461059570312,830.0751991851405,0.009236072075364756,5.237873086010213,5.235989414254708
994,0.02051258087158203,830.0751991891256,0.013300034452935046,5.237949380231963,5.235955899889429
995,0.02053070068359375,830.0751990867827,0.007877614162750029,5.238033904602794,5.236002900128637
996,0.02054882049560547,830.075199120663,0.009474834435746062,5.238109392531373,5.235950453799414
997,0.020566940307617188,830.0751992123941,0.01000105700380223,5.238252751897269,5.2358375717940415
998,0.020584821701049805,830.075199108062,0.01981950927730044,5.238281769350434,5.235907092277141
999,0.020602703094482422,830.0751990268835,0.016565816540173826,5.238466502690326,5.235921879182349
1000,0.020620346069335938,830.0751989350996,0.008779903958566499,5.238720075649546,5.235944413421917
