method,dimension,iteration,x,f_val,dist_to_min,step_size,grad_norm,grad_cosine_sim,rel_improvement_f,rel_improvement_dist
GradientDescent,131072,0,,0.04691653598231982,3.7345715272787174,,0.014070587875240789,,,
GradientDescent,131072,1,,0.046916338000958735,3.7345574566918023,1.4070587875239905e-05,0.014070576585404195,0.9999999999999996,4.21986314500444e-06,3.7676576315069637e-06
GradientDescent,131072,2,,0.04691614001991384,3.7345433861161776,1.4070576585404004e-05,0.01407056529557558,1.0,4.2198742128489e-06,3.767668803548252e-06
GradientDescent,131072,3,,0.04691594203918159,3.734529315551844,1.4070565295574828e-05,0.014070554005754937,1.0000000000000002,4.219885356483095e-06,3.767679975543421e-06
GradientDescent,131072,4,,0.04691574405876908,3.7345152449987995,1.407055400575401e-05,0.014070542715942278,0.9999999999999999,4.219896348733051e-06,3.767691148087042e-06
GradientDescent,131072,5,,0.04691554607867632,3.734501174457043,1.4070542715943213e-05,0.014070531426137584,0.9999999999999993,4.21990734104702e-06,3.7677023210602073e-06
GradientDescent,131072,6,,0.0469153480989033,3.734487103926579,1.4070531426138442e-05,0.014070520136340865,0.9999999999999998,4.219918333425002e-06,3.7677134927981098e-06
GradientDescent,131072,7,,0.04691515011944647,3.734473033407402,1.4070520136339953e-05,0.014070508846552126,1.0000000000000004,4.219929401593042e-06,3.7677246661547074e-06
GradientDescent,131072,8,,0.04691495214030583,3.734458962899516,1.407050884655259e-05,0.01407049755677137,1.0000000000000004,4.219940469826055e-06,3.767735838513869e-06
GradientDescent,131072,9,,0.04691475416148494,3.7344448924029208,1.4070497556769698e-05,0.01407048626699858,0.9999999999999994,4.21995146239736e-06,3.767747011064745e-06
GradientDescent,131072,10,,0.04691455618298379,3.734430821917615,1.40704862669981e-05,0.014070474977233773,0.9999999999999998,4.21996245503268e-06,3.767758183926255e-06
GradientDescent,131072,11,,0.04691435820479528,3.7344167514435984,1.4070474977233582e-05,0.01407046368747693,0.9999999999999994,4.2199735991866605e-06,3.767769356979485e-06
GradientDescent,131072,12,,0.046914160226926516,3.734402680980871,1.4070463687476408e-05,0.014070452397728065,1.0000000000000004,4.219984591951293e-06,3.767780530105521e-06
GradientDescent,131072,13,,0.04691396224937039,3.7343886105294346,1.4070452397727245e-05,0.014070441107987185,1.0000000000000002,4.219995736235865e-06,3.7677917028286895e-06
GradientDescent,131072,14,,0.04691376427214111,3.7343745400892865,1.4070441107987679e-05,0.014070429818254272,1.0000000000000002,4.220006577673251e-06,3.767802876338172e-06
GradientDescent,131072,15,,0.046913566295224474,3.7343604696604284,1.4070429818253945e-05,0.014070418528529343,0.9999999999999998,4.2200177220871385e-06,3.7678140494447878e-06
GradientDescent,131072,16,,0.04691336831862758,3.7343463992428605,1.4070418528529558e-05,0.014070407238812378,0.9999999999999999,4.220028715109124e-06,3.767825222624209e-06
GradientDescent,131072,17,,0.04691317034234688,3.7343323288365835,1.4070407238812233e-05,0.0140703959491034,1.0,4.220039783924367e-06,3.767836395638596e-06
GradientDescent,131072,18,,0.046912972366382366,3.7343182584415944,1.4070395949104283e-05,0.01407038465940239,0.9999999999999999,4.220050852804591e-06,3.767847569558232e-06
GradientDescent,131072,19,,0.0469127743907376,3.734304188057895,1.407038465940112e-05,0.014070373369709354,1.0000000000000004,4.220061846019917e-06,3.767858743074998e-06
GradientDescent,131072,20,,0.046912576415409024,3.7342901176854872,1.4070373369706918e-05,0.0140703620800243,1.0000000000000004,4.220072915029461e-06,3.7678699160699654e-06
GradientDescent,131072,21,,0.04691237844040019,3.734276047324367,1.4070362080023322e-05,0.014070350790347217,1.0000000000000002,4.22008390837347e-06,3.767881090326957e-06
GradientDescent,131072,22,,0.046912180465711106,3.7342619769745373,1.407035079034797e-05,0.014070339500678113,1.0000000000000004,4.220094901781502e-06,3.7678922638243095e-06
GradientDescent,131072,23,,0.04691198249133466,3.7342479066359973,1.407033950067953e-05,0.01407032821101698,1.0000000000000004,4.22010604671587e-06,3.767903437632317e-06
GradientDescent,131072,24,,0.04691178451728151,3.734233836308745,1.4070328211016485e-05,0.014070316921363827,1.0000000000000007,4.220116964521752e-06,3.76791461198883e-06
GradientDescent,131072,25,,0.046911586543540995,3.7342197659927843,1.4070316921363079e-05,0.01407030563171865,1.0000000000000002,4.2201281095860865e-06,3.7679257854667717e-06
GradientDescent,131072,26,,0.046911388570116674,3.7342056956881136,1.4070305631718685e-05,0.014070294342081445,1.0000000000000002,4.220139178984249e-06,3.767936959374295e-06
GradientDescent,131072,27,,0.04691119059701565,3.734191625394732,1.4070294342081603e-05,0.014070283052452217,1.0000000000000002,4.220150096982526e-06,3.767948133592481e-06
GradientDescent,131072,28,,0.04691099262423082,3.7341775551126393,1.407028305245228e-05,0.014070271762830962,1.0000000000000004,4.220161166509381e-06,3.767959308002409e-06
GradientDescent,131072,29,,0.04691079465176218,3.734163484841837,1.407027176283211e-05,0.014070260473217687,1.0000000000000004,4.220172236101221e-06,3.7679704820094533e-06
GradientDescent,131072,30,,0.04691059667960973,3.734149414582323,1.4070260473217272e-05,0.014070249183612386,1.0000000000000004,4.220183305758047e-06,3.7679816566839424e-06
GradientDescent,131072,31,,0.046910398707780576,3.734135344334101,1.4070249183613352e-05,0.014070237894015061,0.9999999999999996,4.2201942240124345e-06,3.7679928304798414e-06
GradientDescent,131072,32,,0.04691020073626051,3.7341212740971663,1.4070237894014317e-05,0.01407022660442571,0.9999999999999993,4.220205445266023e-06,3.768004005537821e-06
GradientDescent,131072,33,,0.04691000276506374,3.734107203871522,1.4070226604426474e-05,0.014070215314844332,0.9999999999999998,4.220216363649108e-06,3.768015179836135e-06
GradientDescent,131072,34,,0.046909804794186716,3.734093133657168,1.4070215314844893e-05,0.014070204025270934,1.0,4.2202273578299355e-06,3.768026354326194e-06
GradientDescent,131072,35,,0.04690960682362233,3.7340790634541023,1.4070204025269318e-05,0.014070192735705507,1.0000000000000009,4.220238503544778e-06,3.768037529364785e-06
GradientDescent,131072,36,,0.04690940885337769,3.7340649932623267,1.407019273570632e-05,0.01407018144614807,1.0,4.220249497854947e-06,3.768048704000487e-06
GradientDescent,131072,37,,0.04690921088345279,3.73405092308184,1.4070181446147643e-05,0.014070170156598593,0.9999999999999996,4.2202604922291465e-06,3.7680598789468675e-06
GradientDescent,131072,38,,0.046909012913844084,3.7340368529126446,1.4070170156597609e-05,0.014070158867057096,0.9999999999999994,4.22027156240333e-06,3.768071053490354e-06
GradientDescent,131072,39,,0.04690881494455512,3.734022782754738,1.4070158867057658e-05,0.014070147577523576,0.9999999999999999,4.220282556906235e-06,3.76808222870131e-06
GradientDescent,131072,40,,0.04690861697558235,3.73400871260812,1.4070147577524214e-05,0.014070136287998032,0.9999999999999996,4.220293627209763e-06,3.768093403985093e-06
GradientDescent,131072,41,,0.04690841900692577,3.7339946424727914,1.4070136287997168e-05,0.014070124998480454,1.0000000000000002,4.220304697578285e-06,3.7681045791038418e-06
GradientDescent,131072,42,,0.046908221038585385,3.733980572348754,1.4070124998480404e-05,0.01407011370897086,1.0000000000000007,4.2203157680118005e-06,3.7681157539386216e-06
GradientDescent,131072,43,,0.046908023070568294,3.7339665022360045,1.407011370897014e-05,0.014070102419469242,1.0000000000000002,4.220326687035212e-06,3.7681269296787467e-06
GradientDescent,131072,44,,0.04690782510286384,3.733952432134545,1.4070102419471407e-05,0.014070091129975603,1.0,4.220337833335307e-06,3.768138104897043e-06
GradientDescent,131072,45,,0.046907627135479135,3.733938362044376,1.4070091129975386e-05,0.014070079840489929,1.0000000000000002,4.220348828224979e-06,3.768149280069233e-06
GradientDescent,131072,46,,0.04690742916841062,3.7339242919654962,1.4070079840489957e-05,0.014070068551012239,1.0000000000000004,4.220359898917196e-06,3.7681604556710483e-06
GradientDescent,131072,47,,0.04690723120166185,3.7339102218979026,1.4070068551013081e-05,0.014070057261542524,0.9999999999999999,4.220370893935583e-06,3.7681716321782295e-06
GradientDescent,131072,48,,0.04690703323522927,3.733896151841602,1.407005726154162e-05,0.014070045972080778,0.9999999999999998,4.220381964757155e-06,3.768182806855306e-06
GradientDescent,131072,49,,0.04690683526911643,3.73388208179659,1.4070045972081696e-05,0.01407003468262701,1.0000000000000007,4.220392959904258e-06,3.768193982913483e-06
GradientDescent,131072,50,,0.046906637303316234,3.7338680117628673,1.4070034682626609e-05,0.014070023393181221,1.0000000000000004,4.2204041065949734e-06,3.7682051586876896e-06
GradientDescent,131072,51,,0.046906439337839334,3.733853941740434,1.4070023393181766e-05,0.014070012103743408,1.0000000000000004,4.2204150261313294e-06,3.768216334653664e-06
GradientDescent,131072,52,,0.04690624137268218,3.7338398717292907,1.4070012103743566e-05,0.014070000814313567,1.0000000000000002,4.220426021471192e-06,3.768227510454601e-06
GradientDescent,131072,53,,0.04690604340783411,3.7338258017294352,1.4070000814312662e-05,0.014069989524891703,1.0,4.220437244097332e-06,3.7682386869230517e-06
GradientDescent,131072,54,,0.046905845443309335,3.7338117317408708,1.4069989524891568e-05,0.014069978235477813,1.0000000000000002,4.2204481638261305e-06,3.768249862631785e-06
GradientDescent,131072,55,,0.046905647479100754,3.733797661763595,1.4069978235477e-05,0.014069966946071903,1.0000000000000002,4.220459235100782e-06,3.7682610390080347e-06
GradientDescent,131072,56,,0.04690544951521192,3.733783591797609,1.4069966946071857e-05,0.014069955656673967,1.0,4.220470230698731e-06,3.768272215219248e-06
GradientDescent,131072,57,,0.04690525155163927,3.733769521842911,1.4069955656674015e-05,0.01406994436728401,0.9999999999999999,4.220481302102748e-06,3.768283391860112e-06
GradientDescent,131072,58,,0.04690505358838282,3.7337554518995044,1.4069944367285057e-05,0.01406993307790202,0.9999999999999993,4.220492373571768e-06,3.7682945678601855e-06
GradientDescent,131072,59,,0.04690485562544611,3.733741381967385,1.406993307790226e-05,0.014069921788528008,0.9999999999999998,4.220503369363129e-06,3.7683057448846053e-06
GradientDescent,131072,60,,0.04690465766282559,3.7337273120465566,1.4069921788527195e-05,0.01406991049916197,0.9999999999999993,4.220514440961518e-06,3.7683169210303545e-06
GradientDescent,131072,61,,0.04690445970052126,3.7337132421370174,1.406991049916228e-05,0.014069899209803914,1.0000000000000004,4.220525512624912e-06,3.768328097724699e-06
GradientDescent,131072,62,,0.04690426173853668,3.733699172238767,1.4069899209803637e-05,0.014069887920453827,0.9999999999999998,4.22053650860969e-06,3.768339274610825e-06
GradientDescent,131072,63,,0.04690406377687539,3.733685102351806,1.4069887920455456e-05,0.014069876631111717,1.0,4.220547428914572e-06,3.768350451331913e-06
GradientDescent,131072,64,,0.046903865815523194,3.7336710324761344,1.4069876631111216e-05,0.014069865341777585,1.0000000000000002,4.22055865225959e-06,3.7683616282447836e-06
GradientDescent,131072,65,,0.04690366785449074,3.733656962611752,1.4069865341777565e-05,0.01406985405245143,1.0,4.22056964843779e-06,3.7683728052304977e-06
GradientDescent,131072,66,,0.04690346989377803,3.7336428927586587,1.4069854052450294e-05,0.01406984276313325,1.0000000000000002,4.220580644680038e-06,3.7683839822890563e-06
GradientDescent,131072,67,,0.04690327193338506,3.733628822916856,1.4069842763133919e-05,0.014069831473823041,0.9999999999999999,4.220591640986336e-06,3.768395159063632e-06
GradientDescent,131072,68,,0.04690307397330473,3.733614753086342,1.4069831473822753e-05,0.014069820184520812,0.9999999999999999,4.220602788847764e-06,3.7684063363868216e-06
GradientDescent,131072,69,,0.04690287601354415,3.7336006832671167,1.4069820184520175e-05,0.014069808895226556,1.0000000000000002,4.220613785283442e-06,3.7684175137828593e-06
GradientDescent,131072,70,,0.046902678054099756,3.7335866134591797,1.4069808895225355e-05,0.014069797605940274,0.9999999999999996,4.2206248575293504e-06,3.768428691370689e-06
GradientDescent,131072,71,,0.04690248009497511,3.7335725436625333,1.4069797605940674e-05,0.014069786316661973,0.9999999999999996,4.2206358540937705e-06,3.7684398684366476e-06
GradientDescent,131072,72,,0.046902282136170204,3.7335584738771765,1.406978631666271e-05,0.014069775027391644,0.9999999999999998,4.220646850722243e-06,3.7684510458133403e-06
GradientDescent,131072,73,,0.04690208417768149,3.7335444041031085,1.4069775027390921e-05,0.014069763738129291,0.9999999999999999,4.220657923161907e-06,3.7684622235007717e-06
GradientDescent,131072,74,,0.04690188621950542,3.73353033434033,1.4069763738130703e-05,0.014069752448874916,1.0,4.2206690714140435e-06,3.768473401023163e-06
GradientDescent,131072,75,,0.04690168826165264,3.7335162645888404,1.4069752448875377e-05,0.01406974115962851,1.0000000000000009,4.220679992488816e-06,3.7684845788562963e-06
GradientDescent,131072,76,,0.046901490304116056,3.7335021948486404,1.4069741159627354e-05,0.014069729870390084,0.9999999999999999,4.220691065122882e-06,3.768495756524389e-06
GradientDescent,131072,77,,0.046901292346899215,3.733488125119729,1.406972987039039e-05,0.014069718581159634,1.0,4.220702062073544e-06,3.768506934503227e-06
GradientDescent,131072,78,,0.04690109438999146,3.7334740554021066,1.4069718581161146e-05,0.014069707291937157,1.0000000000000002,4.220713286334474e-06,3.768518112554919e-06
GradientDescent,131072,79,,0.046900896433410555,3.7334599856957738,1.4069707291937496e-05,0.014069696002722658,0.9999999999999999,4.2207241319170526e-06,3.76852929044157e-06
GradientDescent,131072,80,,0.04690069847714229,3.7334459160007305,1.4069696002722185e-05,0.014069684713516138,1.0000000000000002,4.220735280559277e-06,3.768540468401074e-06
GradientDescent,131072,81,,0.04690050052119732,3.7334318463169764,1.4069684713516599e-05,0.014069673424317582,0.9999999999999998,4.220746202018389e-06,3.768551646552381e-06
GradientDescent,131072,82,,0.04690030256556854,3.7334177766445102,1.4069673424318012e-05,0.014069662135127014,0.9999999999999999,4.220757275040632e-06,3.7685628251333915e-06
GradientDescent,131072,83,,0.0469001046102524,3.733403706983336,1.4069662135128341e-05,0.014069650845944415,0.9999999999999993,4.220768423878229e-06,3.768574002716715e-06
GradientDescent,131072,84,,0.04689990665525601,3.7333896373334485,1.4069650845943607e-05,0.014069639556769794,1.0000000000000002,4.2207794212804925e-06,3.76858518168134e-06
GradientDescent,131072,85,,0.04689970870057936,3.7333755676948503,1.4069639556769395e-05,0.014069628267603147,0.9999999999999993,4.220790418746816e-06,3.768596360124076e-06
GradientDescent,131072,86,,0.0468995107462189,3.7333614980675427,1.4069628267603429e-05,0.014069616978444475,0.9999999999999999,4.220801492028496e-06,3.7686075382828178e-06
GradientDescent,131072,87,,0.04689931279217463,3.7333474284515225,1.4069616978445478e-05,0.014069605689293784,1.0000000000000004,4.220812565375197e-06,3.768618717347076e-06
GradientDescent,131072,88,,0.04689911483845011,3.7333333588467923,1.4069605689294732e-05,0.014069594400151061,1.0000000000000002,4.220823563034983e-06,3.7686298957704878e-06
GradientDescent,131072,89,,0.046898916885041775,3.7333192892533527,1.4069594400150907e-05,0.014069583111016321,0.9999999999999998,4.220834636511087e-06,3.768641074147805e-06
GradientDescent,131072,90,,0.04689871893195674,3.7333052196712,1.4069583111015984e-05,0.014069571821889549,0.9999999999999998,4.2208455585470645e-06,3.768652253549603e-06
GradientDescent,131072,91,,0.04689852097918079,3.733291150100337,1.4069571821890587e-05,0.014069560532770758,1.0000000000000002,4.220856783657722e-06,3.76866343231055e-06
GradientDescent,131072,92,,0.04689832302672814,3.733277080540763,1.4069560532771188e-05,0.014069549243659938,0.9999999999999994,4.220867705822467e-06,3.768674611263313e-06
GradientDescent,131072,93,,0.04689812507459168,3.7332630109924776,1.4069549243660063e-05,0.014069537954557098,0.9999999999999998,4.220878779557385e-06,3.768685790526848e-06
GradientDescent,131072,94,,0.04689792712277496,3.733248941455483,1.4069537954555778e-05,0.014069526665462231,0.9999999999999996,4.220889777603474e-06,3.7686969691495216e-06
GradientDescent,131072,95,,0.046897729171270885,3.733234871929776,1.4069526665462722e-05,0.01406951537637534,0.9999999999999996,4.2209009272219745e-06,3.7687081487966967e-06
GradientDescent,131072,96,,0.04689753122008655,3.7332208024153593,1.406951537637634e-05,0.014069504087296427,0.9999999999999994,4.220911925397476e-06,3.768719327684054e-06
GradientDescent,131072,97,,0.046897333269221964,3.7332067329122305,1.4069504087296026e-05,0.014069492798225487,0.9999999999999994,4.220922923637043e-06,3.76873050735801e-06
GradientDescent,131072,98,,0.046897135318673566,3.733192663420392,1.406949279822642e-05,0.014069481509162518,0.9999999999999993,4.220933997695811e-06,3.768741686510055e-06
GradientDescent,131072,99,,0.04689693736844491,3.7331785939398405,1.4069481509161582e-05,0.014069470220107533,0.9999999999999998,4.220944996064155e-06,3.7687528664487074e-06
GradientDescent,131072,100,,0.04689673941853245,3.7331645244705793,1.4069470220106932e-05,0.01406945893106052,0.9999999999999998,4.22095607025234e-06,3.768764045746489e-06
GradientDescent,131072,101,,0.04689654146893618,3.7331504550126065,1.4069458931059805e-05,0.01406944764202148,1.0,4.220967144505553e-06,3.7687752255929693e-06
GradientDescent,131072,102,,0.046896343519659656,3.7331363855659245,1.4069447642021856e-05,0.01406943635299042,1.0000000000000002,4.220978143067385e-06,3.768786404798573e-06
GradientDescent,131072,103,,0.04689614557069577,3.733122316130529,1.4069436352990062e-05,0.014069425063967333,0.9999999999999993,4.220989293206749e-06,3.7687975852666293e-06
GradientDescent,131072,104,,0.04689594762205518,3.7331082467064243,1.4069425063967021e-05,0.014069413774952222,0.9999999999999993,4.22100021614095e-06,3.768808764736933e-06
GradientDescent,131072,105,,0.04689574967373078,3.733094177293608,1.4069413774952343e-05,0.014069402485945086,0.9999999999999996,4.2210112906530065e-06,3.7688199447559436e-06
GradientDescent,131072,106,,0.04689555172572257,3.733080107892081,1.4069402485945138e-05,0.014069391196945925,0.9999999999999998,4.2210223652300936e-06,3.768831124847829e-06
GradientDescent,131072,107,,0.04689535377803411,3.733066038501842,1.4069391196946343e-05,0.014069379907954743,1.0,4.221033364114204e-06,3.7688423050125893e-06
GradientDescent,131072,108,,0.04689515583066184,3.733051969122893,1.4069379907954374e-05,0.014069368618971534,0.9999999999999999,4.221044438820717e-06,3.7688534850123038e-06
GradientDescent,131072,109,,0.04689495788360931,3.7330378997552334,1.4069368618973526e-05,0.0140693573299963,1.0,4.221055437833614e-06,3.7688646652038534e-06
GradientDescent,131072,110,,0.046894759936872976,3.733023830398862,1.4069357329996994e-05,0.014069346041029045,1.0000000000000004,4.2210665126695564e-06,3.768875845706203e-06
GradientDescent,131072,111,,0.04689456199045283,3.7330097610537787,1.4069346041028565e-05,0.014069334752069758,1.0000000000000002,4.221077587570533e-06,3.7688870262814324e-06
GradientDescent,131072,112,,0.04689436404435243,3.7329956917199856,1.4069334752070483e-05,0.014069323463118455,0.9999999999999996,4.221088586776937e-06,3.7688982064536904e-06
GradientDescent,131072,113,,0.046894166098568224,3.7329816223974808,1.4069323463120403e-05,0.014069312174175123,0.9999999999999996,4.221099661807345e-06,3.768909387174677e-06
GradientDescent,131072,114,,0.04689396815310376,3.732967553086266,1.4069312174174664e-05,0.01406930088523977,0.9999999999999999,4.221110661142542e-06,3.768920567492691e-06
GradientDescent,131072,115,,0.04689377020795549,3.7329534837863396,1.4069300885239401e-05,0.014069289596312389,0.9999999999999996,4.221121736302384e-06,3.768931748359438e-06
GradientDescent,131072,116,,0.046893572263123406,3.7329394144977006,1.4069289596313178e-05,0.014069278307392982,0.9999999999999999,4.221132811527265e-06,3.7689429295369975e-06
GradientDescent,131072,117,,0.04689337431861107,3.7329253452203512,1.406927830739417e-05,0.014069267018481555,1.0,4.221143811055976e-06,3.7689541101926183e-06
GradientDescent,131072,118,,0.04689317637441848,3.7329112759542924,1.4069267018481142e-05,0.014069255729578102,1.0000000000000002,4.221154810648767e-06,3.7689652906831887e-06
GradientDescent,131072,119,,0.046892978430542076,3.7328972066995205,1.4069255729577946e-05,0.014069244440682617,0.9999999999999996,4.221165886067485e-06,3.768976472198365e-06
GradientDescent,131072,120,,0.046892780486981867,3.7328831374560383,1.4069244440682915e-05,0.014069233151795124,1.0000000000000002,4.221176961551244e-06,3.768987653072633e-06
GradientDescent,131072,121,,0.04689258254373785,3.7328690682238457,1.406923315179568e-05,0.014069221862915591,0.9999999999999996,4.221188037100044e-06,3.7689988340197838e-06
GradientDescent,131072,122,,0.04689238460081713,3.732854999002941,1.406922186291503e-05,0.014069210574044044,1.0000000000000007,4.221198961188271e-06,3.7690100155156866e-06
GradientDescent,131072,123,,0.046892186658209045,3.7328409297933254,1.4069210574045634e-05,0.014069199285180465,1.0000000000000002,4.221210112629001e-06,3.7690211967275764e-06
GradientDescent,131072,124,,0.04689198871592071,3.732826860594998,1.4069199285179772e-05,0.014069187996324868,1.0000000000000009,4.221221112608841e-06,3.7690323782502882e-06
GradientDescent,131072,125,,0.04689179077394856,3.7328127914079596,1.4069187996325267e-05,0.014069176707477243,1.0000000000000002,4.221232188416531e-06,3.7690435597269215e-06
GradientDescent,131072,126,,0.046891592832292606,3.7327987222322103,1.4069176707478074e-05,0.014069165418637595,1.0000000000000009,4.221243264289264e-06,3.7690547411574745e-06
GradientDescent,131072,127,,0.046891394890956395,3.73278465306775,1.4069165418637938e-05,0.014069154129805925,1.0000000000000004,4.221254264462636e-06,3.769065922660916e-06
GradientDescent,131072,128,,0.04689119694993993,3.7327705839145784,1.4069154129806656e-05,0.014069142840982228,1.0000000000000002,4.221265264700093e-06,3.7690771044751863e-06
GradientDescent,131072,129,,0.0468909990092361,3.7327565147726967,1.406914284098234e-05,0.014069131552166507,0.9999999999999998,4.221276416531727e-06,3.769088285886467e-06
GradientDescent,131072,130,,0.04689080106885557,3.7327424456421014,1.4069131552167123e-05,0.014069120263358756,0.9999999999999999,4.221287341133272e-06,3.7690994683224034e-06
GradientDescent,131072,131,,0.04689060312878768,3.7327283765227963,1.4069120263359091e-05,0.014069108974558988,1.0000000000000002,4.221298493094999e-06,3.769110649879468e-06
GradientDescent,131072,132,,0.04689040518903953,3.7327143074147804,1.4069108974559537e-05,0.01406909768576719,0.9999999999999996,4.221309493590723e-06,3.7691218317473657e-06
GradientDescent,131072,133,,0.04689020724961113,3.7327002383180536,1.4069097685767287e-05,0.014069086396983373,1.0000000000000002,4.221320494150536e-06,3.769133013688156e-06
GradientDescent,131072,134,,0.046890009310498915,3.7326861692326143,1.4069086396982864e-05,0.014069075108207527,1.0,4.221331570541083e-06,3.7691441961777302e-06
GradientDescent,131072,135,,0.046889811371702894,3.7326721001584637,1.4069075108207496e-05,0.014069063819439658,1.0,4.221342646996678e-06,3.7691553783832845e-06
GradientDescent,131072,136,,0.04688961343322662,3.7326580310956023,1.4069063819441026e-05,0.014069052530679764,0.9999999999999999,4.221353647750039e-06,3.769166560542762e-06
GradientDescent,131072,137,,0.04688941549506653,3.7326439620440297,1.4069052530680904e-05,0.014069041241927847,1.0000000000000004,4.221364724335095e-06,3.7691777428941087e-06
GradientDescent,131072,138,,0.04688921755722619,3.732629893003747,1.4069041241926853e-05,0.014069029953183909,0.9999999999999992,4.221375725217278e-06,3.7691889249614297e-06
GradientDescent,131072,139,,0.04688901961969849,3.732615823974751,1.4069029953183085e-05,0.014069018664447938,0.9999999999999999,4.221386877700041e-06,3.769200108053444e-06
GradientDescent,131072,140,,0.046888821682494086,3.7326017549570447,1.4069018664447704e-05,0.014069007375719948,1.0000000000000002,4.221397802943125e-06,3.769211290385537e-06
GradientDescent,131072,141,,0.04688862374560587,3.7325876859506266,1.4069007375719124e-05,0.014068996086999937,0.9999999999999993,4.221408879787108e-06,3.7692224731474544e-06
GradientDescent,131072,142,,0.0468884258090303,3.7325736169554977,1.4068996087000051e-05,0.014068984798287899,0.9999999999999996,4.2214200324653495e-06,3.7692336557443214e-06
GradientDescent,131072,143,,0.046888227872781574,3.7325595479716567,1.4068984798288952e-05,0.014068973509583829,0.9999999999999996,4.221430882131511e-06,3.769244838771018e-06
GradientDescent,131072,144,,0.04688802993684549,3.732545478999105,1.4068973509582463e-05,0.014068962220887741,0.9999999999999998,4.22144203493922e-06,3.7692560215136883e-06
GradientDescent,131072,145,,0.04688783200122204,3.7325314100378426,1.4068962220886021e-05,0.014068950932199632,0.9999999999999999,4.221453187812946e-06,3.7692672042102824e-06
GradientDescent,131072,146,,0.04688763406592544,3.7325173410878683,1.406895093219962e-05,0.014068939643519495,0.9999999999999996,4.2214640376707536e-06,3.769278387455689e-06
GradientDescent,131072,147,,0.04688743613093793,3.732503272149182,1.40689396435196e-05,0.01406892835484733,0.9999999999999999,4.221475266444753e-06,3.7692895706550243e-06
GradientDescent,131072,148,,0.04688723819627372,3.732489203221786,1.4068928354849119e-05,0.014068917066183143,0.9999999999999999,4.221486192201238e-06,3.769300753570329e-06
GradientDescent,131072,149,,0.04688704026192925,3.732475134305677,1.4068917066183677e-05,0.014068905777526935,0.9999999999999999,4.221497193792304e-06,3.7693119371534333e-06
GradientDescent,131072,150,,0.046886842327897416,3.732461065400857,1.4068905777527032e-05,0.014068894488878696,1.0,4.2215083469909935e-06,3.769323120333529e-06
GradientDescent,131072,151,,0.046886644394181776,3.7324469965073255,1.4068894488879457e-05,0.014068883200238443,1.0,4.221519424483619e-06,3.7693343038244905e-06
GradientDescent,131072,152,,0.04688644646078943,3.732432927625084,1.4068883200239334e-05,0.014068871911606154,0.9999999999999998,4.221530350496499e-06,3.769345486912439e-06
GradientDescent,131072,153,,0.04688624852770973,3.73241885875413,1.4068871911607198e-05,0.01406886062298185,1.0,4.221541503890686e-06,3.7693566707871782e-06
GradientDescent,131072,154,,0.04688605059495332,3.7324047898944643,1.4068860622981143e-05,0.01406884933436551,1.0000000000000004,4.221552430031768e-06,3.7693678544968673e-06
GradientDescent,131072,155,,0.046885852662506,3.7323907210460874,1.4068849334365118e-05,0.014068838045757153,1.0000000000000002,4.221563659329439e-06,3.7693790381604863e-06
GradientDescent,131072,156,,0.04688565473038553,3.7323766522089987,1.4068838045756995e-05,0.01406882675715677,1.0000000000000004,4.221574509825682e-06,3.769390222015998e-06
GradientDescent,131072,157,,0.046885456798577696,3.7323625833831997,1.4068826757156271e-05,0.014068815468564368,1.0000000000000004,4.221585663480115e-06,3.769401405587474e-06
GradientDescent,131072,158,,0.04688525886708961,3.732348514568689,1.4068815468565397e-05,0.014068804179979938,1.0,4.221596665651927e-06,3.769412589588809e-06
GradientDescent,131072,159,,0.04688506093591416,3.732334445765466,1.4068804179979564e-05,0.014068792891403484,1.0000000000000002,4.221607819437126e-06,3.7694237737820427e-06
GradientDescent,131072,160,,0.046884863005062005,3.7323203769735325,1.4068792891404263e-05,0.014068781602835001,0.9999999999999998,4.221618745963465e-06,3.7694349576912394e-06
GradientDescent,131072,161,,0.046884665074526044,3.7323063081928884,1.4068781602834376e-05,0.0140687703142745,0.9999999999999998,4.221629824103512e-06,3.7694461415543643e-06
GradientDescent,131072,162,,0.046884467144306274,3.7322922394235305,1.4068770314273165e-05,0.01406875902572197,0.9999999999999996,4.221640902308624e-06,3.769457326442283e-06
GradientDescent,131072,163,,0.046884269214402696,3.732278170665462,1.406875902572209e-05,0.014068747737177416,0.9999999999999998,4.221651980578802e-06,3.7694685104512403e-06
GradientDescent,131072,164,,0.046884071284822415,3.732264101918683,1.4068747737176875e-05,0.01406873644864084,1.0000000000000002,4.2216629073615645e-06,3.769479694652098e-06
GradientDescent,131072,165,,0.046883873355558325,3.732250033183191,1.4068736448639415e-05,0.014068725160112237,1.0000000000000004,4.2216739857605955e-06,3.7694908795208034e-06
GradientDescent,131072,166,,0.046883675426606874,3.7322359644589898,1.4068725160112586e-05,0.014068713871591613,1.0000000000000004,4.221685140001576e-06,3.76950206339155e-06
GradientDescent,131072,167,,0.04688347749797872,3.7322218957460747,1.4068713871591636e-05,0.014068702583078957,1.0000000000000004,4.221696066976983e-06,3.7695132486440697e-06
GradientDescent,131072,168,,0.04688327956966676,3.73220782704445,1.4068702583079348e-05,0.014068691294574288,1.0,4.221707145570579e-06,3.769524432779638e-06
GradientDescent,131072,169,,0.04688308164167099,3.7321937583541116,1.4068691294573371e-05,0.014068680006077583,1.0000000000000004,4.221718224229246e-06,3.7695356181780047e-06
GradientDescent,131072,170,,0.04688288371399496,3.7321796896750645,1.4068680006077372e-05,0.014068668717588863,1.0000000000000007,4.221729227174822e-06,3.7695468022214346e-06
GradientDescent,131072,171,,0.04688268578663157,3.7321656210073035,1.4068668717587826e-05,0.014068657429108115,0.9999999999999999,4.221740381741469e-06,3.769557987765649e-06
GradientDescent,131072,172,,0.04688248785958793,3.7321515523508313,1.4068657429108472e-05,0.014068646140635346,0.9999999999999998,4.221751384816547e-06,3.769569172668855e-06
GradientDescent,131072,173,,0.04688228993286758,3.7321374837056482,1.4068646140634778e-05,0.014068634852170546,0.9999999999999999,4.221762312176617e-06,3.7695803575259944e-06
GradientDescent,131072,174,,0.046882092006459875,3.732123415071753,1.4068634852171929e-05,0.01406862356371372,1.0,4.22177346693816e-06,3.769591542813028e-06
GradientDescent,131072,175,,0.04688189408036836,3.7321093464491466,1.4068623563713798e-05,0.014068612275264878,1.0000000000000002,4.221784545985976e-06,3.7696027279350063e-06
GradientDescent,131072,176,,0.046881696154596586,3.732095277837828,1.4068612275265066e-05,0.014068600986824008,0.9999999999999998,4.221795549318787e-06,3.7696139133678925e-06
GradientDescent,131072,177,,0.046881498229141005,3.732081209237798,1.406860098682324e-05,0.014068589698391112,1.0,4.2218066284961105e-06,3.7696250986357237e-06
GradientDescent,131072,178,,0.04688130030400517,3.7320671406490575,1.4068589698391126e-05,0.014068578409966195,0.9999999999999996,4.221817631957789e-06,3.769636283857489e-06
GradientDescent,131072,179,,0.046881102379185524,3.7320530720716056,1.4068578409966453e-05,0.014068567121549249,0.9999999999999994,4.221828711264624e-06,3.7696474692711734e-06
GradientDescent,131072,180,,0.04688090445468207,3.7320390035054407,1.4068567121548805e-05,0.014068555833140286,0.9999999999999998,4.221839790636535e-06,3.7696586552337584e-06
GradientDescent,131072,181,,0.046880706530501914,3.7320249349505645,1.4068555833139521e-05,0.014068544544739285,1.0000000000000004,4.221850718510162e-06,3.769669840793303e-06
GradientDescent,131072,182,,0.0468805086066344,3.7320108664069758,1.4068544544738477e-05,0.014068533256346275,1.0000000000000002,4.221861873792947e-06,3.7696810267827593e-06
GradientDescent,131072,183,,0.04688031068308307,3.731996797874677,1.4068533256346027e-05,0.01406852196796123,0.9999999999999999,4.221872953359449e-06,3.7696922121311823e-06
GradientDescent,131072,184,,0.04688011275985504,3.731982729353667,1.4068521967960719e-05,0.014068510679584166,0.9999999999999998,4.221883881425751e-06,3.7697033979095173e-06
GradientDescent,131072,185,,0.04687991483693965,3.7319686608439437,1.4068510679585713e-05,0.01406849939121507,0.9999999999999999,4.22189503690409e-06,3.7697145843557615e-06
GradientDescent,131072,186,,0.046879716914344005,3.73195459234551,1.4068499391213825e-05,0.014068488102853959,1.0000000000000002,4.221906040881911e-06,3.769725770041973e-06
GradientDescent,131072,187,,0.0468795189920681,3.731940523858365,1.4068488102853915e-05,0.014068476814500817,1.0000000000000004,4.221917044923852e-06,3.769736956039108e-06
GradientDescent,131072,188,,0.04687932107010484,3.7319264553825073,1.4068476814500923e-05,0.014068465526155654,1.0000000000000009,4.221928200597752e-06,3.769748142466167e-06
GradientDescent,131072,189,,0.046879123148464874,3.731912386917938,1.4068465526156121e-05,0.014068454237818467,0.9999999999999998,4.2219391289849755e-06,3.7697593287281702e-06
GradientDescent,131072,190,,0.0468789252271411,3.7318983184646566,1.4068454237819713e-05,0.014068442949489253,0.9999999999999999,4.22195020900448e-06,3.7697705151821076e-06
GradientDescent,131072,191,,0.046878727306129964,3.7318842500226643,1.4068442949489018e-05,0.014068431661168019,1.0,4.221961364873946e-06,3.7697817013519895e-06
GradientDescent,131072,192,,0.046878529385442125,3.7318701815919595,1.4068431661168508e-05,0.014068420372854757,1.0000000000000002,4.221972293453858e-06,3.769792888070801e-06
GradientDescent,131072,193,,0.04687833146507048,3.7318561131725434,1.4068420372856489e-05,0.014068409084549472,1.0000000000000002,4.221983373667972e-06,3.7698040745055568e-06
GradientDescent,131072,194,,0.04687813354501502,3.7318420447644174,1.406840908455082e-05,0.01406839779625216,1.0000000000000002,4.2219944539471705e-06,3.7698152606562517e-06
GradientDescent,131072,195,,0.04687793562527576,3.731827976367576,1.4068397796253992e-05,0.014068386507962832,1.0000000000000002,4.222005534291454e-06,3.7698264483078818e-06
GradientDescent,131072,196,,0.04687773770585624,3.731813907982026,1.4068386507962491e-05,0.014068375219681468,0.9999999999999998,4.222016538914344e-06,3.769837634366457e-06
GradientDescent,131072,197,,0.04687753978675646,3.7317998396077634,1.4068375219680845e-05,0.014068363931408088,0.9999999999999993,4.22202754360136e-06,3.7698488213309725e-06
GradientDescent,131072,198,,0.046877341867969324,3.731785771244789,1.4068363931409273e-05,0.014068352643142682,0.9999999999999993,4.2220386999267416e-06,3.7698600083684317e-06
GradientDescent,131072,199,,0.046877143949505484,3.7317717028931026,1.4068352643141037e-05,0.014068341354885246,0.9999999999999993,4.222049628955853e-06,3.769871195359833e-06
GradientDescent,131072,200,,0.046876946031357836,3.7317576345527033,1.4068341354885022e-05,0.01406833006663579,0.9999999999999998,4.222060709623651e-06,3.7698823827811854e-06
GradientDescent,131072,201,,0.04687674811352638,3.7317435662235936,1.4068330066634573e-05,0.014068318778394307,1.0000000000000007,4.2220717903565375e-06,3.76989356956147e-06
GradientDescent,131072,202,,0.04687655019601111,3.7317294979057727,1.4068318778394686e-05,0.0140683074901608,0.9999999999999996,4.222082871154513e-06,3.7699047566527024e-06
GradientDescent,131072,203,,0.04687635227881204,3.731715429599238,1.406830749016171e-05,0.014068296201935273,1.0,4.222093952017578e-06,3.7699159445309007e-06
GradientDescent,131072,204,,0.04687615436193626,3.731701361303992,1.40682962019353e-05,0.014068284913717711,0.9999999999999999,4.222104881367656e-06,3.7699271316490245e-06
GradientDescent,131072,205,,0.046875956445373124,3.7316872930200358,1.406828491371755e-05,0.01406827362550814,1.0000000000000004,4.222116038148982e-06,3.7699383188400928e-06
GradientDescent,131072,206,,0.04687575852912973,3.7316732247473667,1.4068273625509249e-05,0.014068262337306533,1.0000000000000002,4.222127043417001e-06,3.7699495065801264e-06
GradientDescent,131072,207,,0.04687556061320608,3.7316591564859865,1.406826233730653e-05,0.01406825104911291,1.0000000000000004,4.222138048749153e-06,3.7699606940360953e-06
GradientDescent,131072,208,,0.04687536269759507,3.731645088235894,1.4068251049114556e-05,0.014068239760927255,0.9999999999999996,4.222149205726074e-06,3.7699718818030244e-06
GradientDescent,131072,209,,0.046875164782307355,3.731631019997088,1.4068239760926433e-05,0.014068228472749581,0.9999999999999999,4.222160135397134e-06,3.769983069999924e-06
GradientDescent,131072,210,,0.04687496686733228,3.7316169517695736,1.4068228472750413e-05,0.014068217184579877,1.0,4.2221712925042426e-06,3.769994256960706e-06
GradientDescent,131072,211,,0.04687476895267695,3.7316028835533452,1.4068217184579245e-05,0.014068205896418152,0.9999999999999996,4.222182298094849e-06,3.770005445422516e-06
GradientDescent,131072,212,,0.04687457103834136,3.7315888153484047,1.4068205896418104e-05,0.014068194608264402,1.0000000000000002,4.222193303749591e-06,3.7700166334812553e-06
GradientDescent,131072,213,,0.046874373124321966,3.7315747471547542,1.4068194608265825e-05,0.01406818332011863,1.0000000000000002,4.2222043852603865e-06,3.7700278210179087e-06
GradientDescent,131072,214,,0.04687417521061876,3.73156067897239,1.4068183320117878e-05,0.014068172031980826,0.9999999999999999,4.222215466836279e-06,3.7700390096985873e-06
GradientDescent,131072,215,,0.0468739772972353,3.7315466108013142,1.4068172031981254e-05,0.014068160743851003,1.0000000000000004,4.2222264726847096e-06,3.7700501977381737e-06
GradientDescent,131072,216,,0.04687377938416448,3.731532542641527,1.4068160743850556e-05,0.01406814945572916,0.9999999999999999,4.222237630183035e-06,3.7700613859697237e-06
GradientDescent,131072,217,,0.046873581471413406,3.731518474493028,1.4068149455728633e-05,0.014068138167615287,1.0000000000000004,4.222248636161022e-06,3.7700725742742294e-06
GradientDescent,131072,218,,0.046873383558982074,3.731504406355817,1.4068138167615617e-05,0.014068126879509396,1.0000000000000004,4.222259642203147e-06,3.770083762651692e-06
GradientDescent,131072,219,,0.046873185646870485,3.731490338229893,1.4068126879509604e-05,0.01406811559141147,0.999999999999999,4.222270648309411e-06,3.7700949515781556e-06
GradientDescent,131072,220,,0.046872987735071536,3.731476270115258,1.4068115591410954e-05,0.014068104303321529,0.9999999999999994,4.2222818060681324e-06,3.7701061398635154e-06
GradientDescent,131072,221,,0.04687278982359233,3.7314622020119117,1.4068104303320661e-05,0.014068093015239558,0.9999999999999998,4.222292812303957e-06,3.770117328340843e-06
GradientDescent,131072,222,,0.04687259191242932,3.7314481339198524,1.406809301523981e-05,0.014068081727165562,0.9999999999999999,4.2223038943987214e-06,3.770128517367178e-06
GradientDescent,131072,223,,0.0468723940015896,3.731434065839082,1.4068081727165081e-05,0.01406807043909954,1.0000000000000002,4.22231482496835e-06,3.7701397059904268e-06
GradientDescent,131072,224,,0.04687219609105897,3.7314199977695983,1.4068070439099018e-05,0.014068059151041507,0.9999999999999999,4.2223260587829164e-06,3.7701508951626873e-06
GradientDescent,131072,225,,0.04687199818085164,3.7314059297114035,1.4068059151042512e-05,0.014068047862991432,0.9999999999999996,4.22233698948147e-06,3.7701620839318605e-06
GradientDescent,131072,226,,0.046871800270960495,3.7313918616644965,1.4068047862991656e-05,0.014068036574949344,1.0000000000000004,4.222348071835365e-06,3.770173273012022e-06
GradientDescent,131072,227,,0.0468716023613891,3.7313777936288774,1.4068036574949746e-05,0.01406802528691522,0.9999999999999998,4.222359078457965e-06,3.770184462165149e-06
GradientDescent,131072,228,,0.04687140445213034,3.7313637256045467,1.4068025286914477e-05,0.014068013998889083,1.0000000000000007,4.222370236738148e-06,3.7701956512722266e-06
GradientDescent,131072,229,,0.04687120654319488,3.731349657591504,1.4068013998889451e-05,0.014068002710870922,0.9999999999999999,4.222381167693279e-06,3.7702068404522688e-06
GradientDescent,131072,230,,0.04687100863457205,3.731335589589749,1.4068002710871827e-05,0.014067991422860733,1.0000000000000002,4.222392326103673e-06,3.770218029943308e-06
GradientDescent,131072,231,,0.046870810726268974,3.7313215215992828,1.4067991422861177e-05,0.014067980134858517,0.9999999999999999,4.222403332984775e-06,3.7702292191502676e-06
GradientDescent,131072,232,,0.04687061281828209,3.7313074536201043,1.4067980134859915e-05,0.014067968846864277,1.0000000000000002,4.222414415728024e-06,3.770240408668226e-06
GradientDescent,131072,233,,0.046870414910614944,3.7312933856522132,1.4067968846865428e-05,0.014067957558878014,1.0000000000000004,4.222425422738061e-06,3.7702515983781707e-06
GradientDescent,131072,234,,0.046870217003267545,3.7312793176956096,1.4067957558879698e-05,0.014067946270899722,1.0000000000000004,4.222436429812246e-06,3.7702627881610864e-06
GradientDescent,131072,235,,0.046870019096232785,3.7312652497502956,1.4067946270898786e-05,0.014067934982929416,1.0000000000000002,4.2224475885484986e-06,3.7702739774218843e-06
GradientDescent,131072,236,,0.046869821189514216,3.731251181816268,1.406793498293009e-05,0.014067923694967082,1.0000000000000002,4.222458671551542e-06,3.7702851675887766e-06
GradientDescent,131072,237,,0.04686962328311539,3.7312371138935285,1.4067923694966482e-05,0.014067912407012717,1.0000000000000002,4.222469678820095e-06,3.770296357471589e-06
GradientDescent,131072,238,,0.046869425377039864,3.731223045982078,1.4067912407012405e-05,0.014067901119066334,0.9999999999999999,4.222480610352879e-06,3.7703075470703157e-06
GradientDescent,131072,239,,0.04686922747127342,3.731208978081915,1.4067901119066663e-05,0.01406788983112792,1.0000000000000004,4.222491845149814e-06,3.7703187372180905e-06
GradientDescent,131072,240,,0.04686902956583028,3.7311949101930395,1.4067889831128948e-05,0.014067878543197491,0.9999999999999999,4.222502776811541e-06,3.770329927438841e-06
GradientDescent,131072,241,,0.046868831660703325,3.731180842315452,1.4067878543197582e-05,0.014067867255275033,1.0000000000000002,4.22251386013822e-06,3.7703411174945267e-06
GradientDescent,131072,242,,0.046868633755892564,3.731166774449153,1.4067867255275597e-05,0.014067855967360553,1.0000000000000004,4.222524943530012e-06,3.7703523077422074e-06
GradientDescent,131072,243,,0.046868435851397994,3.731152706594142,1.4067855967361804e-05,0.014067844679454046,0.9999999999999994,4.222536026986919e-06,3.770363497824821e-06
GradientDescent,131072,244,,0.04686823794722672,3.7311386387504184,1.4067844679454156e-05,0.014067833391555517,1.0000000000000002,4.222546958905258e-06,3.7703746884564974e-06
GradientDescent,131072,245,,0.04686804004337164,3.731124570917982,1.4067833391556248e-05,0.014067822103664957,0.9999999999999999,4.222558042491113e-06,3.770385879042132e-06
GradientDescent,131072,246,,0.04686784213983275,3.7311105030968346,1.4067822103663542e-05,0.014067810815782374,1.0000000000000002,4.222569126142083e-06,3.7703970693436775e-06
GradientDescent,131072,247,,0.04686764423661005,3.7310964352869753,1.4067810815783208e-05,0.014067799527907772,1.0000000000000009,4.2225802098581694e-06,3.7704082598372225e-06
GradientDescent,131072,248,,0.0468674463337071,3.731082367488402,1.4067799527908629e-05,0.014067788240041144,1.0,4.222591217836253e-06,3.7704194509988653e-06
GradientDescent,131072,249,,0.046867248431120334,3.7310682997011186,1.4067788240040531e-05,0.014067776952182495,0.9999999999999994,4.2226023016819325e-06,3.7704306412813e-06
GradientDescent,131072,250,,0.04686705052884976,3.7310542319251216,1.4067776952182327e-05,0.014067765664331811,0.9999999999999999,4.2226133855927306e-06,3.770441832469884e-06
GradientDescent,131072,251,,0.04686685262689538,3.7310401641604147,1.406776566433164e-05,0.014067754376489116,1.0,4.222624469568647e-06,3.7704530227792527e-06
GradientDescent,131072,252,,0.0468666547252643,3.7310260964069917,1.406775437648974e-05,0.014067743088654387,1.0000000000000002,4.222635402000881e-06,3.770464214827956e-06
GradientDescent,131072,253,,0.04686645682394586,3.7310120286648587,1.406774308865424e-05,0.014067731800827635,0.9999999999999998,4.222646561910476e-06,3.77047540528329e-06
GradientDescent,131072,254,,0.04686625892294716,3.7309979609340145,1.4067731800827973e-05,0.014067720513008853,1.0000000000000007,4.222657570276071e-06,3.770486596168681e-06
GradientDescent,131072,255,,0.0468660610222682,3.730983893214456,1.40677205130088e-05,0.014067709225198054,1.0000000000000004,4.222668578705826e-06,3.770497787960243e-06
GradientDescent,131072,256,,0.04686586312190544,3.730969825506187,1.406770922519875e-05,0.014067697937395233,1.0000000000000004,4.222679663005423e-06,3.770508978753551e-06
GradientDescent,131072,257,,0.046865665221858865,3.7309557578092045,1.4067697937395648e-05,0.014067686649600387,1.0000000000000004,4.222690747370143e-06,3.7705201704530346e-06
GradientDescent,131072,258,,0.046865467322128485,3.730941690123511,1.4067686649601222e-05,0.014067675361813508,1.0000000000000004,4.222701831799985e-06,3.770531361630368e-06
GradientDescent,131072,259,,0.0468652694227214,3.7309276224491046,1.4067675361813584e-05,0.014067664074034616,1.0000000000000004,4.222712764681667e-06,3.7705425532377734e-06
GradientDescent,131072,260,,0.046865071523626955,3.7309135547859857,1.4067664074034494e-05,0.014067652786263693,1.0,4.222723925047438e-06,3.7705537449181683e-06
GradientDescent,131072,261,,0.046864873624852255,3.730899487134154,1.406765278626343e-05,0.014067641498500752,0.9999999999999994,4.222734933864729e-06,3.7705649367905835e-06
GradientDescent,131072,262,,0.046864675726393745,3.730885419493612,1.4067641498501096e-05,0.014067630210745774,0.9999999999999999,4.222746018553788e-06,3.770576127902781e-06
GradientDescent,131072,263,,0.04686447782825143,3.7308713518643564,1.4067630210746613e-05,0.014067618922998782,0.9999999999999994,4.222757103307971e-06,3.7705873201592372e-06
GradientDescent,131072,264,,0.046864279930428854,3.7308572842463885,1.4067618922998111e-05,0.01406760763525976,1.0,4.222768112319039e-06,3.7705985120125666e-06
GradientDescent,131072,265,,0.04686408203292247,3.7308432166397085,1.4067607635260258e-05,0.01406759634752872,0.9999999999999996,4.222779197202837e-06,3.770609703938888e-06
GradientDescent,131072,266,,0.046863884135739386,3.7308291490443173,1.4067596347528846e-05,0.014067585059805649,0.9999999999999996,4.222790130533996e-06,3.770620895700139e-06
GradientDescent,131072,267,,0.04686368623886894,3.730815081460213,1.4067585059804163e-05,0.01406757377209056,0.9999999999999992,4.22280129135597e-06,3.7706320880105094e-06
GradientDescent,131072,268,,0.046863488342314685,3.730801013887396,1.4067573772090147e-05,0.014067562484383445,0.9999999999999993,4.222812376434511e-06,3.7706432802748446e-06
GradientDescent,131072,269,,0.046863290446080175,3.730786946325867,1.4067562484383458e-05,0.014067551196684297,1.0,4.222823385768338e-06,3.770654472493143e-06
GradientDescent,131072,270,,0.04686309255016541,3.7307728787756256,1.4067551196683688e-05,0.01406753990899313,0.9999999999999989,4.222834395166334e-06,3.7706656649034713e-06
GradientDescent,131072,271,,0.04686289465456328,3.7307588112366714,1.4067539908990946e-05,0.014067528621309945,0.9999999999999998,4.222845556249467e-06,3.770676857386797e-06
GradientDescent,131072,272,,0.0468626967592809,3.7307447437090056,1.4067528621309438e-05,0.014067517333634726,0.999999999999999,4.2228565657770855e-06,3.7706880497050528e-06
GradientDescent,131072,273,,0.04686249886431826,3.7307306761926267,1.4067517333635196e-05,0.014067506045967482,1.0000000000000002,4.222867575368874e-06,3.7706992424534097e-06
GradientDescent,131072,274,,0.04686230096967181,3.730716608687536,1.4067506045966212e-05,0.014067494758308223,1.0,4.222878660836279e-06,3.770710434917662e-06
GradientDescent,131072,275,,0.046862103075338,3.730702541193733,1.4067494758307524e-05,0.01406748347065693,1.0,4.222889822180579e-06,3.7707216276929843e-06
GradientDescent,131072,276,,0.04686190518132749,3.7306884737112163,1.4067483470656827e-05,0.01406747218301362,1.0,4.222900756154723e-06,3.7707328207793806e-06
GradientDescent,131072,277,,0.04686170728763317,3.7306744062399906,1.4067472183013258e-05,0.014067460895378286,1.0000000000000004,4.222911841816887e-06,3.770744012748414e-06
GradientDescent,131072,278,,0.046861509394258594,3.73066033878005,1.406746089537729e-05,0.014067449607750923,1.0000000000000002,4.222922851731462e-06,3.7707552063379237e-06
GradientDescent,131072,279,,0.046861311501196656,3.730646271331397,1.4067449607752271e-05,0.014067438320131541,1.0000000000000002,4.2229340133363e-06,3.7707663994052554e-06
GradientDescent,131072,280,,0.04686111360845446,3.7306322038940323,1.406743832013172e-05,0.014067427032520133,0.9999999999999996,4.222945023380506e-06,3.7707775923075153e-06
GradientDescent,131072,281,,0.046860915716032014,3.730618136467955,1.4067427032520472e-05,0.014067415744916694,0.9999999999999996,4.222956033488887e-06,3.770788785520855e-06
GradientDescent,131072,282,,0.04686071782392576,3.7306040690531646,1.4067415744917663e-05,0.014067404457321235,1.0000000000000002,4.2229671194754505e-06,3.770799978926239e-06
GradientDescent,131072,283,,0.046860519932139244,3.7305900016496616,1.4067404457322298e-05,0.014067393169733756,1.0,4.222978129712826e-06,3.7708111722855922e-06
GradientDescent,131072,284,,0.04686032204066892,3.7305759342574483,1.406739316973434e-05,0.014067381882154246,0.9999999999999998,4.222989215829025e-06,3.7708223651227525e-06
GradientDescent,131072,285,,0.04686012414951124,3.73056186687652,1.4067381882155683e-05,0.014067370594582712,0.9999999999999999,4.223000377825326e-06,3.7708335592233184e-06
GradientDescent,131072,286,,0.046859926258676854,3.7305477995068803,1.4067370594582409e-05,0.014067359307019158,0.9999999999999996,4.223011312441873e-06,3.7708447525636137e-06
GradientDescent,131072,287,,0.04685972836815866,3.730533732148528,1.4067359307020656e-05,0.014067348019463575,0.9999999999999999,4.223022398752849e-06,3.7708559462149984e-06
GradientDescent,131072,288,,0.04685953047795666,3.730519664801464,1.406734801946309e-05,0.014067336731915972,0.9999999999999996,4.223033485128966e-06,3.77086713970131e-06
GradientDescent,131072,289,,0.0468593325880744,3.7305055974656867,1.4067336731915225e-05,0.014067325444376336,1.0000000000000002,4.223044495753978e-06,3.7708783336177566e-06
GradientDescent,131072,290,,0.04685913469850833,3.730491530141197,1.4067325444375614e-05,0.014067314156844686,1.0000000000000004,4.223055582259738e-06,3.770889527488173e-06
GradientDescent,131072,291,,0.04685893680926201,3.7304774628279955,1.4067314156844244e-05,0.01406730286932101,0.9999999999999993,4.223066593013754e-06,3.7709007211935163e-06
GradientDescent,131072,292,,0.046858738920328324,3.73046339552608,1.406730286932067e-05,0.014067291581805304,0.9999999999999994,4.223077755466365e-06,3.770911915567087e-06
GradientDescent,131072,293,,0.04685854103171794,3.7304493282354545,1.4067291581804546e-05,0.014067280294297577,1.0000000000000004,4.2230886905325e-06,3.7709231090613244e-06
GradientDescent,131072,294,,0.04685834314342374,3.7304352609561158,1.4067280294298255e-05,0.014067269006797823,1.0000000000000002,4.223099777297552e-06,3.770934303342836e-06
GradientDescent,131072,295,,0.04685814525544574,3.730421193688062,1.4067269006797184e-05,0.01406725771930605,1.0,4.2231108641277485e-06,3.7709454982925883e-06
GradientDescent,131072,296,,0.046857947367783925,3.7304071264312975,1.406725771930541e-05,0.014067246431822248,0.9999999999999994,4.223121951023091e-06,3.7709566920058666e-06
GradientDescent,131072,297,,0.04685774948044186,3.730393059185821,1.4067246431823228e-05,0.014067235144346425,0.9999999999999993,4.223132962164772e-06,3.7709678862683377e-06
GradientDescent,131072,298,,0.04685755159341598,3.7303789919516324,1.4067235144346278e-05,0.014067223856878574,1.0,4.223144049189766e-06,3.770979080603825e-06
GradientDescent,131072,299,,0.046857353706706295,3.730364924728729,1.4067223856878031e-05,0.014067212569418697,1.0000000000000002,4.2231551362799075e-06,3.7709902757266094e-06
GradientDescent,131072,300,,0.046857155820316354,3.730350857517114,1.4067212569418586e-05,0.0140672012819668,1.0,4.223166147615429e-06,3.7710014700890892e-06
GradientDescent,131072,301,,0.04685695793424616,3.7303367903167874,1.4067201281966757e-05,0.014067189994522878,0.9999999999999998,4.2231771590151385e-06,3.771012664405539e-06
GradientDescent,131072,302,,0.0468567600484886,3.7303227231277476,1.4067189994522677e-05,0.014067178707086934,0.9999999999999999,4.223188322119853e-06,3.7710238593902444e-06
GradientDescent,131072,303,,0.046856562163050786,3.7303086559499943,1.4067178707087893e-05,0.01406716741965896,1.0,4.223199333649221e-06,3.771035054447974e-06
GradientDescent,131072,304,,0.046856364277932716,3.730294588783529,1.406716741965937e-05,0.014067156132238964,0.9999999999999998,4.223210345242778e-06,3.771046249221581e-06
GradientDescent,131072,305,,0.04685616639313439,3.730280521628352,1.4067156132239408e-05,0.014067144844826941,1.0,4.223221356900524e-06,3.7710574438301114e-06
GradientDescent,131072,306,,0.046855968508648704,3.7302664544844615,1.406714484482718e-05,0.014067133557422892,1.0000000000000004,4.223232520265841e-06,3.7710686392259592e-06
GradientDescent,131072,307,,0.04685577062447921,3.7302523873518587,1.4067133557422325e-05,0.01406712227002683,1.0000000000000002,4.22324360787526e-06,3.771079834218634e-06
GradientDescent,131072,308,,0.04685557274062946,3.7302383202305434,1.4067122270027839e-05,0.014067110982638732,0.9999999999999999,4.223254619727503e-06,3.771091029403383e-06
GradientDescent,131072,309,,0.0468553748570959,3.7302242531205145,1.4067110982639973e-05,0.01406709969525862,1.0000000000000009,4.223265707466587e-06,3.77110222489926e-06
GradientDescent,131072,310,,0.046855176973882084,3.7302101860217745,1.4067099695257596e-05,0.014067088407886471,0.9999999999999998,4.223276719447857e-06,3.7711134198729075e-06
GradientDescent,131072,311,,0.04685497909098446,3.73019611893432,1.4067088407886681e-05,0.014067077120522312,0.9999999999999996,4.223287807316608e-06,3.7711246157529422e-06
GradientDescent,131072,312,,0.04685478120840658,3.7301820518581543,1.4067077120523139e-05,0.014067065833166113,1.0000000000000002,4.223298819426905e-06,3.7711358108726424e-06
GradientDescent,131072,313,,0.046854583326144894,3.730167984793276,1.4067065833164545e-05,0.014067054545817902,0.9999999999999999,4.223309907425329e-06,3.771147006422526e-06
GradientDescent,131072,314,,0.0468543854441994,3.730153917739684,1.4067054545817749e-05,0.01406704325847766,0.9999999999999996,4.223320995488907e-06,3.7711582024025988e-06
GradientDescent,131072,315,,0.046854187562573646,3.7301398506973804,1.4067043258476187e-05,0.014067031971145396,0.9999999999999994,4.2233320077930715e-06,3.7711693977413824e-06
GradientDescent,131072,316,,0.046853989681264085,3.7301257836663635,1.4067031971146028e-05,0.014067020683821107,0.9999999999999998,4.223343095986324e-06,3.7711805937484635e-06
GradientDescent,131072,317,,0.04685379180027072,3.7301117166466335,1.4067020683821358e-05,0.014067009396504801,0.9999999999999998,4.223354184244734e-06,3.771191789709524e-06
GradientDescent,131072,318,,0.04685359391959709,3.730097649638192,1.4067009396506701e-05,0.014066998109196456,0.9999999999999999,4.223365196742771e-06,3.7712029853864526e-06
GradientDescent,131072,319,,0.04685339603924321,3.7300835826410363,1.406699810919732e-05,0.014066986821896096,0.9999999999999998,4.223376209305007e-06,3.771214181731689e-06
GradientDescent,131072,320,,0.04685319815920197,3.730069515655169,1.4066986821893735e-05,0.014066975534603713,0.9999999999999996,4.223387373583786e-06,3.7712253775546825e-06
GradientDescent,131072,321,,0.046853000279484025,3.730055448680588,1.4066975534604614e-05,0.014066964247319298,1.0,4.223398310449209e-06,3.7712365740459904e-06
GradientDescent,131072,322,,0.04685280240007872,3.730041381717295,1.406696424732041e-05,0.014066952960042864,1.0000000000000004,4.22340947485831e-06,3.771247770015052e-06
GradientDescent,131072,323,,0.04685260452099316,3.730027314765289,1.406695296004171e-05,0.0140669416727744,0.9999999999999996,4.223420487679267e-06,3.7712589664143188e-06
GradientDescent,131072,324,,0.04685240664222379,3.7300132478245716,1.4066941672775017e-05,0.014066930385513925,0.9999999999999998,4.2234315763918775e-06,3.7712701625294496e-06
GradientDescent,131072,325,,0.04685220876377061,3.7299991808951387,1.4066930385513994e-05,0.014066919098261415,0.9999999999999994,4.223442665169652e-06,3.7712813596700814e-06
GradientDescent,131072,326,,0.04685201088564073,3.7299851139769937,1.4066919098262416e-05,0.01406690781101688,0.9999999999999999,4.223453602356402e-06,3.7712925560503475e-06
GradientDescent,131072,327,,0.046851813007823484,3.7299710470701384,1.4066907811015002e-05,0.01406689652378032,0.9999999999999998,4.223464767091636e-06,3.771303752027414e-06
GradientDescent,131072,328,,0.04685161513032243,3.7299569801745682,1.4066896523779965e-05,0.014066885236551741,0.9999999999999999,4.223475856064262e-06,3.7713149492681098e-06
GradientDescent,131072,329,,0.04685141725314468,3.729942913290286,1.4066885236551772e-05,0.014066873949331139,0.9999999999999996,4.223486793443944e-06,3.7713261458674914e-06
GradientDescent,131072,330,,0.04685121937627956,3.7299288464172906,1.4066873949332933e-05,0.014066862662118504,0.9999999999999998,4.223497958374994e-06,3.7713373427780336e-06
GradientDescent,131072,331,,0.046851021499737744,3.729914779555583,1.4066862662116858e-05,0.014066851374913847,1.0,4.223508895883086e-06,3.7713485395234962e-06
GradientDescent,131072,332,,0.046850823623508564,3.7299007127051618,1.4066851374913408e-05,0.014066840087717167,1.0000000000000004,4.2235200609444695e-06,3.7713597368182457e-06
GradientDescent,131072,333,,0.04685062574759913,3.7298866458660287,1.4066840087718725e-05,0.014066828800528466,1.0000000000000004,4.22353107441131e-06,3.771370933590732e-06
GradientDescent,131072,334,,0.04685042787200233,3.7298725790381813,1.4066828800528813e-05,0.014066817513347736,1.0,4.22354223960367e-06,3.7713821311506343e-06
GradientDescent,131072,335,,0.04685022999672528,3.7298585122216217,1.4066817513349797e-05,0.014066806226174988,0.9999999999999998,4.223553253200207e-06,3.7713933281882712e-06
GradientDescent,131072,336,,0.04685003212176797,3.7298444454163504,1.4066806226175226e-05,0.01406679493901021,0.9999999999999999,4.2235642668609525e-06,3.7714045251798893e-06
GradientDescent,131072,337,,0.046849834247126854,3.7298303786223648,1.4066794939011172e-05,0.01406678365185341,0.9999999999999996,4.223575356417523e-06,3.771415722958932e-06
GradientDescent,131072,338,,0.04684963637280548,3.7298163118396666,1.4066783651853453e-05,0.014066772364704579,1.0000000000000002,4.223586370207328e-06,3.7714269203347705e-06
GradientDescent,131072,339,,0.0468494384988003,3.7298022450682558,1.4066772364703416e-05,0.014066761077563735,0.9999999999999999,4.223597459893601e-06,3.771438117783656e-06
GradientDescent,131072,340,,0.04684924062511131,3.729788178308132,1.4066761077562643e-05,0.014066749790430856,0.9999999999999998,4.223608549645045e-06,3.7714493154246543e-06
GradientDescent,131072,341,,0.046849042751742065,3.729774111559296,1.4066749790430046e-05,0.01406673850330596,1.0,4.223619563628764e-06,3.7714605129005715e-06
GradientDescent,131072,342,,0.04684884487868546,3.7297600448217465,1.4066738503306999e-05,0.014066727216189035,1.0,4.223630729343131e-06,3.771471710806735e-06
GradientDescent,131072,343,,0.04684864700595215,3.729745978095483,1.4066727216189574e-05,0.014066715929080093,1.0000000000000002,4.223641667623017e-06,3.7714829089050175e-06
GradientDescent,131072,344,,0.04684844913353858,3.729731911380509,1.4066715929079375e-05,0.014066704641979113,1.0,4.223652681800014e-06,3.7714941062428865e-06
GradientDescent,131072,345,,0.04684825126143766,3.72971784467682,1.4066704641978202e-05,0.014066693354886119,1.0000000000000007,4.223663847709583e-06,3.771505304725408e-06
GradientDescent,131072,346,,0.046848053389656474,3.7297037779844193,1.4066693354885154e-05,0.0140666820678011,1.0000000000000002,4.22367486201629e-06,3.7715165024475135e-06
GradientDescent,131072,347,,0.04684785551818793,3.7296897113033047,1.4066682067800924e-05,0.014066670780724055,0.9999999999999998,4.223686028056851e-06,3.7715277008380107e-06
GradientDescent,131072,348,,0.04684765764703913,3.729675644633477,1.4066670780724638e-05,0.014066659493654978,1.0000000000000002,4.223697042493269e-06,3.7715388990634284e-06
GradientDescent,131072,349,,0.04684745977621363,3.729661577974938,1.4066659493654725e-05,0.014066648206593889,1.0000000000000002,4.223707981158443e-06,3.7715500970046944e-06
GradientDescent,131072,350,,0.046847261905700766,3.7296475113276846,1.4066648206594097e-05,0.014066636919540772,1.0,4.223719147394215e-06,3.771561295614361e-06
GradientDescent,131072,351,,0.046847064035504093,3.7296334446917188,1.4066636919541167e-05,0.01406662563249563,0.9999999999999994,4.223730237860026e-06,3.771572493939877e-06
GradientDescent,131072,352,,0.046846866165627166,3.72961937806704,1.4066625632496444e-05,0.014066614345458464,0.9999999999999999,4.223741252554594e-06,3.7715836924575203e-06
GradientDescent,131072,353,,0.04684666829606643,3.7296053114536485,1.4066614345457715e-05,0.014066603058429272,0.9999999999999993,4.223752343150122e-06,3.7715948909291514e-06
GradientDescent,131072,354,,0.046846470426821885,3.729591244851543,1.4066603058429427e-05,0.014066591771408059,0.9999999999999996,4.22376343381083e-06,3.7716060898310545e-06
GradientDescent,131072,355,,0.04684627255790064,3.729577178260725,1.4066591771409233e-05,0.014066580484394811,1.0,4.223774372861955e-06,3.771617288448805e-06
GradientDescent,131072,356,,0.04684607468929203,3.7295631116811947,1.4066580484394551e-05,0.014066569197389547,1.0000000000000004,4.223785539489446e-06,3.7716284871396153e-06
GradientDescent,131072,357,,0.046845876821006716,3.7295490451129507,1.4066569197389738e-05,0.01406655791039226,1.0,4.223796478669012e-06,3.771639686141631e-06
GradientDescent,131072,358,,0.04684567895303049,3.729534978555993,1.4066557910392058e-05,0.014066546623402945,0.9999999999999998,4.223807721265212e-06,3.7716508853357836e-06
GradientDescent,131072,359,,0.04684548108537401,3.729520912010324,1.406654662340328e-05,0.014066535336421607,0.9999999999999998,4.223818736412525e-06,3.7716620837694867e-06
GradientDescent,131072,360,,0.04684528321804082,3.729506845475941,1.4066535336422551e-05,0.014066524049448248,1.0000000000000002,4.223829675785078e-06,3.771673283228839e-06
GradientDescent,131072,361,,0.04684508535102028,3.729492778952845,1.40665240494485e-05,0.014066512762482861,0.9999999999999993,4.223840842738806e-06,3.7716844824040365e-06
GradientDescent,131072,362,,0.046844887484319475,3.729478712441034,1.4066512762482018e-05,0.014066501475525447,1.0000000000000002,4.22385185807943e-06,3.771695682128599e-06
GradientDescent,131072,363,,0.046844689617934865,3.7294646459405136,1.4066501475524802e-05,0.01406649018857601,1.0000000000000002,4.2238629493242235e-06,3.771706880497328e-06
GradientDescent,131072,364,,0.04684449175187,3.729450579451278,1.4066490188575834e-05,0.014066478901634552,1.0000000000000004,4.223873964793938e-06,3.7717180804870988e-06
GradientDescent,131072,365,,0.04684429388611777,3.7294365129733293,1.4066478901635166e-05,0.014066467614701072,0.9999999999999998,4.223885132009049e-06,3.7717292799545623e-06
GradientDescent,131072,366,,0.04684409602068884,3.7294224465066677,1.4066467614701356e-05,0.01406645632777556,0.9999999999999998,4.223896071767592e-06,3.771740479495094e-06
GradientDescent,131072,367,,0.04684389815557255,3.729408380051294,1.406645632777573e-05,0.014066445040858026,0.9999999999999999,4.223907239113078e-06,3.77175167887054e-06
GradientDescent,131072,368,,0.046843700290776,3.7293943136072065,1.406644504085792e-05,0.014066433753948473,1.0000000000000002,4.223918254841621e-06,3.771762878676286e-06
GradientDescent,131072,369,,0.0468435024262992,3.729380247174405,1.4066433753947899e-05,0.014066422467046882,1.0,4.223929270634392e-06,3.7717740787932597e-06
GradientDescent,131072,370,,0.046843304562135035,3.729366180752891,1.4066422467047216e-05,0.014066411180153279,1.0,4.223940438175766e-06,3.771785278387916e-06
GradientDescent,131072,371,,0.046843106698290615,3.729352114342665,1.4066411180154916e-05,0.014066399893267653,0.9999999999999999,4.223951454098276e-06,3.771796478055641e-06
GradientDescent,131072,372,,0.04684290883476594,3.7293380479437244,1.406639989326715e-05,0.014066388606389995,0.9999999999999996,4.223962470085017e-06,3.7718076785109122e-06
GradientDescent,131072,373,,0.0468427109715539,3.7293239815560706,1.4066388606390282e-05,0.014066377319520316,1.0000000000000002,4.223973637822284e-06,3.771818878562943e-06
GradientDescent,131072,374,,0.04684251310866161,3.7293099151797047,1.4066377319520584e-05,0.014066366032658609,1.0000000000000004,4.223984653938767e-06,3.7718300784498864e-06
GradientDescent,131072,375,,0.04684231524608906,3.7292958488146253,1.4066366032657738e-05,0.014066354745804883,0.9999999999999996,4.223995670119482e-06,3.7718412787671442e-06
GradientDescent,131072,376,,0.046842117383832704,3.729281782460832,1.4066354745803557e-05,0.014066343458959133,0.9999999999999996,4.224006762208538e-06,3.7718524792765604e-06
GradientDescent,131072,377,,0.04684191952189254,3.729267716118326,1.406634345895777e-05,0.01406633217212135,1.0000000000000004,4.224017854362788e-06,3.77186367950181e-06
GradientDescent,131072,378,,0.04684172166027212,3.7292536497871076,1.4066332172120687e-05,0.014066320885291556,1.0000000000000004,4.224028870737482e-06,3.771874879800135e-06
GradientDescent,131072,379,,0.04684152379896789,3.729239583467175,1.4066320885292408e-05,0.01406630959846973,0.9999999999999999,4.2240399630214815e-06,3.771886080528784e-06
GradientDescent,131072,380,,0.0468413259379834,3.7292255171585302,1.4066309598470767e-05,0.01406629831165588,0.9999999999999996,4.224050979525286e-06,3.771897280973265e-06
GradientDescent,131072,381,,0.04684112807731511,3.729211450861172,1.4066298311656624e-05,0.01406628702485,1.0000000000000002,4.224062071939036e-06,3.7719084817289904e-06
GradientDescent,131072,382,,0.046840930216963006,3.7291973845751,1.4066287024851437e-05,0.014066275738052103,0.9999999999999994,4.224073164417983e-06,3.771919682557797e-06
GradientDescent,131072,383,,0.04684073235693065,3.729183318300314,1.4066275738051997e-05,0.014066264451262177,1.0,4.224084181115775e-06,3.7719308835787697e-06
GradientDescent,131072,384,,0.04684053449721093,3.729169252036816,1.4066264451262467e-05,0.014066253164480232,1.0000000000000002,4.22409534957115e-06,3.771942084196487e-06
GradientDescent,131072,385,,0.046840336637814506,3.7291551857846046,1.4066253164479423e-05,0.014066241877706259,1.0000000000000004,4.224106290551705e-06,3.771953285244539e-06
GradientDescent,131072,386,,0.046840138778734275,3.72914111954368,1.40662418777061e-05,0.014066230590940264,1.0000000000000004,4.224117383290165e-06,3.7719644862465897e-06
GradientDescent,131072,387,,0.046839940919970235,3.7291270533140413,1.4066230590940123e-05,0.014066219304182245,1.0,4.224128476093824e-06,3.771975687678982e-06
GradientDescent,131072,388,,0.04683974306152239,3.7291129870956894,1.4066219304182469e-05,0.014066208017432198,0.9999999999999996,4.224139568962683e-06,3.7719868888272026e-06
GradientDescent,131072,389,,0.046839545203394284,3.729098920888626,1.4066208017432319e-05,0.01406619673069013,0.9999999999999996,4.224150586048469e-06,3.771998089691247e-06
GradientDescent,131072,390,,0.04683934734558237,3.729084854692848,1.406619673068857e-05,0.014066185443956034,0.9999999999999994,4.2241616790470905e-06,3.7720092913428976e-06
GradientDescent,131072,391,,0.046839149488090204,3.729070788508356,1.4066185443956387e-05,0.014066174157229916,1.0000000000000002,4.224172696261999e-06,3.7720204929485505e-06
GradientDescent,131072,392,,0.046838951630910675,3.7290567223351503,1.4066174157229903e-05,0.014066162870511772,1.0000000000000002,4.224183865239621e-06,3.772031694627293e-06
GradientDescent,131072,393,,0.046838753774057995,3.729042656173233,1.4066162870511508e-05,0.014066151583801607,0.9999999999999999,4.224194730885184e-06,3.772042895783682e-06
GradientDescent,131072,394,,0.0468385559175144,3.7290285900226037,1.4066151583802473e-05,0.014066140297099416,1.0,4.2242059758424474e-06,3.772054097013155e-06
GradientDescent,131072,395,,0.04683835806129055,3.7290145238832597,1.4066140297099971e-05,0.0140661290104052,0.9999999999999994,4.224216993316249e-06,3.7720652991493415e-06
GradientDescent,131072,396,,0.04683816020538645,3.7290004577552014,1.4066129010404932e-05,0.014066117723718956,0.9999999999999999,4.2242280108542945e-06,3.7720765012395333e-06
GradientDescent,131072,397,,0.04683796234979498,3.7289863916384296,1.4066117723719728e-05,0.014066106437040692,0.9999999999999999,4.224239180158259e-06,3.772087703164638e-06
GradientDescent,131072,398,,0.04683776449452681,3.7289723255329443,1.4066106437040865e-05,0.0140660951503704,1.0000000000000002,4.224250121974918e-06,3.7720989051628357e-06
GradientDescent,131072,399,,0.04683756663957128,3.7289582594387474,1.4066095150370129e-05,0.014066083863708088,1.0000000000000002,4.224261291409297e-06,3.77211010675776e-06
GradientDescent,131072,400,,0.046837368784935496,3.7289441933558365,1.406608386370989e-05,0.014066072577053753,1.0000000000000002,4.224272309206247e-06,3.772121309021234e-06
GradientDescent,131072,401,,0.046837170930619454,3.7289301272842117,1.4066072577055138e-05,0.014066061290407392,1.0000000000000004,4.224283327067444e-06,3.7721325113578034e-06
GradientDescent,131072,402,,0.04683697307661605,3.728916061223874,1.4066061290407003e-05,0.014066050003769003,0.9999999999999998,4.224294496697768e-06,3.772143713529284e-06
GradientDescent,131072,403,,0.04683677522293239,3.728901995174823,1.406605000376899e-05,0.014066038717138594,0.9999999999999996,4.224305514688743e-06,3.77215491577386e-06
GradientDescent,131072,404,,0.04683657736956848,3.7288879291370587,1.4066038717139138e-05,0.01406602743051616,0.9999999999999998,4.224316532743966e-06,3.772166118210625e-06
GradientDescent,131072,405,,0.046836379516520754,3.7288738631105796,1.406602743051457e-05,0.014066016143901693,0.9999999999999998,4.224327626716839e-06,3.7721773210777706e-06
GradientDescent,131072,406,,0.04683618166378922,3.7288597970953883,1.4066016143901124e-05,0.014066004857295216,1.0,4.224338720754924e-06,3.7721885233034504e-06
GradientDescent,131072,407,,0.046835983811377435,3.728845731091484,1.4066004857296147e-05,0.014065993570696704,0.9999999999999996,4.22434973900418e-06,3.7721997258404157e-06
GradientDescent,131072,408,,0.04683578595927829,3.7288316650988653,1.4065993570696717e-05,0.014065982284106174,1.0000000000000002,4.22436090902641e-06,3.7722109288077665e-06
GradientDescent,131072,409,,0.046835588107502435,3.728817599117533,1.4065982284105033e-05,0.014065970997523615,0.9999999999999993,4.224371851550767e-06,3.7722221316100285e-06
GradientDescent,131072,410,,0.04683539025603922,3.7288035331474876,1.4065970997523375e-05,0.014065959710949028,0.9999999999999999,4.224383021703424e-06,3.772233334485392e-06
GradientDescent,131072,411,,0.046835192404895754,3.7287894671887294,1.406595971094837e-05,0.014065948424382422,1.0000000000000004,4.22439404021161e-06,3.7722445371956635e-06
GradientDescent,131072,412,,0.04683499455407203,3.7287754012412577,1.406594842438129e-05,0.014065937137823798,1.0000000000000004,4.224405058784049e-06,3.77225574021723e-06
GradientDescent,131072,413,,0.046834796703564496,3.728761335305073,1.4065937137824088e-05,0.014065925851273144,0.999999999999999,4.224416153276707e-06,3.772266943192802e-06
GradientDescent,131072,414,,0.046834598853373155,3.728747269380173,1.4065925851274072e-05,0.01406591456473046,0.9999999999999994,4.2244272478345816e-06,3.7722781468369685e-06
GradientDescent,131072,415,,0.04683440100350156,3.728733203466561,1.4065914564729358e-05,0.014065903278195756,0.9999999999999992,4.224438266601067e-06,3.7722893497205545e-06
GradientDescent,131072,416,,0.04683420315394615,3.728719137564235,1.4065903278195703e-05,0.01406589199166903,1.0,4.224449361288734e-06,3.7723005531536387e-06
GradientDescent,131072,417,,0.046834005304703386,3.728705071673196,1.40658919916685e-05,0.014065880705150278,1.0,4.224460531898865e-06,3.772311756421631e-06
GradientDescent,131072,418,,0.046833807455783916,3.728691005793443,1.4065880705151299e-05,0.0140658694186395,1.0000000000000004,4.224471475002476e-06,3.7723229600009298e-06
GradientDescent,131072,419,,0.04683360960718419,3.7286769399249753,1.4065869418640432e-05,0.014065858132136701,0.9999999999999999,4.2244824940272696e-06,3.772334163891539e-06
GradientDescent,131072,420,,0.0468334117588971,3.7286628740677963,1.4065858132136547e-05,0.014065846845641874,1.0000000000000002,4.224493664832737e-06,3.7723453669024525e-06
GradientDescent,131072,421,,0.04683321391092976,3.728648808221903,1.4065846845643079e-05,0.014065835559155027,0.9999999999999998,4.2245046839873305e-06,3.772356570820179e-06
GradientDescent,131072,422,,0.04683301606327861,3.728634742387296,1.406583555915587e-05,0.01406582427267614,1.0000000000000002,4.224515779065032e-06,3.7723677745728144e-06
GradientDescent,131072,423,,0.04683281821594365,3.7286206765639758,1.4065824272676588e-05,0.014065812986205252,0.9999999999999996,4.224526874207955e-06,3.7723789783985606e-06
GradientDescent,131072,424,,0.04683262036893199,3.7286066107519416,1.4065812986206457e-05,0.014065801699742328,0.9999999999999999,4.224537817697121e-06,3.772390182416521e-06
GradientDescent,131072,425,,0.046832422522232964,3.7285925449511934,1.4065801699742332e-05,0.01406579041328738,1.0000000000000002,4.224548988829017e-06,3.7724013865075953e-06
GradientDescent,131072,426,,0.04683222467584658,3.7285784791617314,1.406579041328776e-05,0.014065779126840412,0.9999999999999996,4.224560160027096e-06,3.7724125906717838e-06
GradientDescent,131072,427,,0.04683202682978704,3.728564413383557,1.4065779126839226e-05,0.014065767840401413,0.9999999999999999,4.224571027849558e-06,3.7724237944326706e-06
GradientDescent,131072,428,,0.0468318289840437,3.7285503476166686,1.4065767840400874e-05,0.014065756553970393,0.9999999999999996,4.224582123316675e-06,3.772434998862191e-06
GradientDescent,131072,429,,0.04683163113861655,3.7285362818610674,1.4065756553969417e-05,0.014065745267547346,1.0000000000000002,4.224593218849016e-06,3.772446202888409e-06
GradientDescent,131072,430,,0.046831433293502034,3.7285222161167506,1.4065745267547724e-05,0.014065733981132275,0.9999999999999996,4.224604390307995e-06,3.7724574078214784e-06
GradientDescent,131072,431,,0.04683123544871082,3.728508150383722,1.4065733981132668e-05,0.014065722694725183,0.9999999999999998,4.224615334247964e-06,3.7724686117557178e-06
GradientDescent,131072,432,,0.04683103760423224,3.7284940846619796,1.4065722694724824e-05,0.014065711408326064,1.0000000000000002,4.2246265058373955e-06,3.772479816358601e-06
GradientDescent,131072,433,,0.04683083976007696,3.728480018951523,1.4065711408325885e-05,0.014065700121934921,1.0000000000000002,4.224637449905896e-06,3.772491021153711e-06
GradientDescent,131072,434,,0.04683064191623787,3.7284659532523525,1.4065700121934289e-05,0.014065688835551753,1.0,4.224648545763089e-06,3.772502225783727e-06
GradientDescent,131072,435,,0.04683044407271497,3.728451887564469,1.4065688835551702e-05,0.014065677549176564,0.9999999999999998,4.224659641685511e-06,3.7725134303677556e-06
GradientDescent,131072,436,,0.04683024622950471,3.728437821887871,1.4065677549176344e-05,0.014065666262809345,0.9999999999999998,4.224670813536498e-06,3.7725246355013355e-06
GradientDescent,131072,437,,0.046830048386621304,3.7284237562225604,1.4065666262808098e-05,0.014065654976450107,1.0000000000000004,4.224681681999053e-06,3.772535840112497e-06
GradientDescent,131072,438,,0.04682985054404698,3.728409690568536,1.4065654976449735e-05,0.01406564369009884,1.0,4.224692929843836e-06,3.7725470450349958e-06
GradientDescent,131072,439,,0.046829652701795954,3.7283956249257972,1.406564369009872e-05,0.014065632403755553,1.0000000000000002,4.224703874298585e-06,3.772558250387946e-06
GradientDescent,131072,440,,0.04682945485986112,3.728381559294346,1.4065632403756371e-05,0.014065621117420242,0.9999999999999996,4.2247149705458774e-06,3.772569455099363e-06
GradientDescent,131072,441,,0.046829257018242476,3.7283674936741793,1.4065621117419977e-05,0.0140656098310929,1.0,4.224726066858402e-06,3.7725806608367832e-06
GradientDescent,131072,442,,0.046829059176940024,3.7283534280653012,1.4065609831092747e-05,0.01406559854477354,0.9999999999999999,4.224737163236159e-06,3.772591865456226e-06
GradientDescent,131072,443,,0.04682886133595732,3.728339362467708,1.4065598544772426e-05,0.014065587258462157,1.0,4.224748183813571e-06,3.7726030712207896e-06
GradientDescent,131072,444,,0.046828663495294354,3.7283252968814,1.4065587258461917e-05,0.014065575972158744,0.9999999999999996,4.224759204455256e-06,3.772614276939373e-06
GradientDescent,131072,445,,0.04682846565494758,3.72831123130638,1.4065575972160404e-05,0.014065564685863308,1.0000000000000004,4.224770301027434e-06,3.772625481897301e-06
GradientDescent,131072,446,,0.04682826781491345,3.728297165742646,1.406556468586287e-05,0.01406555339957585,1.0000000000000004,4.224781473531387e-06,3.7726366876430275e-06
GradientDescent,131072,447,,0.04682806997519906,3.7282831001901986,1.4065553399575937e-05,0.014065542113296366,0.9999999999999999,4.2247924943678154e-06,3.7726478931045455e-06
GradientDescent,131072,448,,0.046827872135804416,3.7282690346490366,1.4065542113296988e-05,0.01406553082702486,1.0,4.2248035152685195e-06,3.7726590991156457e-06
GradientDescent,131072,449,,0.04682767429672596,3.72825496911916,1.4065530827024225e-05,0.014065519540761323,0.9999999999999999,4.224814612101001e-06,3.772670305080765e-06
GradientDescent,131072,450,,0.04682747645797081,3.7282409036005717,1.406551954076101e-05,0.014065508254505766,1.0,4.224825557263075e-06,3.7726815105234456e-06
GradientDescent,131072,451,,0.04682727861952474,3.728226838093269,1.406550825450669e-05,0.014065496968258187,0.9999999999999998,4.224836805961035e-06,3.7726927166348276e-06
GradientDescent,131072,452,,0.04682708078139841,3.728212772597252,1.4065496968258344e-05,0.014065485682018583,0.9999999999999994,4.224847827120768e-06,3.772703922700229e-06
GradientDescent,131072,453,,0.04682688294359183,3.728198707112521,1.4065485682019921e-05,0.014065474395786948,1.0000000000000004,4.224858848344778e-06,3.7727151289578796e-06
GradientDescent,131072,454,,0.04682668510610144,3.7281846416390763,1.406547439578532e-05,0.014065463109563294,1.0,4.224869945502172e-06,3.7727263350504343e-06
GradientDescent,131072,455,,0.04682648726892724,3.728170576176919,1.4065463109563429e-05,0.014065451823347617,0.9999999999999992,4.224881042724805e-06,3.772737540977889e-06
GradientDescent,131072,456,,0.046826289432069235,3.7281565107260475,1.4065451823347684e-05,0.014065440537139914,0.9999999999999998,4.22489214001268e-06,3.7727487474549446e-06
GradientDescent,131072,457,,0.046826091595534525,3.7281424452864615,1.4065440537139435e-05,0.014065429250940193,0.9999999999999992,4.224903085625665e-06,3.772759954005139e-06
GradientDescent,131072,458,,0.0468258937593089,3.7281283798581617,1.4065429250940268e-05,0.014065417964748434,0.9999999999999999,4.224914334783515e-06,3.772771160509353e-06
GradientDescent,131072,459,,0.04682569592341013,3.7281143144411475,1.4065417964746863e-05,0.014065406678564657,1.0,4.2249252046549965e-06,3.772782367205825e-06
GradientDescent,131072,460,,0.04682549808782399,3.7281002490354207,1.4065406678565582e-05,0.014065395392388854,1.0000000000000002,4.224936378072947e-06,3.772793573498961e-06
GradientDescent,131072,461,,0.0468253002525576,3.7280861836409813,1.406539539238967e-05,0.014065384106221034,0.9999999999999999,4.224947399814407e-06,3.7728047798652325e-06
GradientDescent,131072,462,,0.04682510241760385,3.728072118257826,1.4065384106219475e-05,0.014065372820061183,0.999999999999999,4.224958573363488e-06,3.7728159872575994e-06
GradientDescent,131072,463,,0.04682490458296984,3.7280580528859577,1.4065372820061264e-05,0.01406536153390931,0.9999999999999999,4.224969595234797e-06,3.772827193770152e-06
GradientDescent,131072,464,,0.04682470674865913,3.7280439875253735,1.4065361533907131e-05,0.01406535024776541,1.0000000000000002,4.22498054129808e-06,3.7728384013088083e-06
GradientDescent,131072,465,,0.0468245089146575,3.7280299221760766,1.4065350247764477e-05,0.014065338961629485,1.0000000000000004,4.224991790915208e-06,3.7728496079676443e-06
GradientDescent,131072,466,,0.04682431108097562,3.728015856838067,1.4065338961628668e-05,0.014065327675501537,1.0000000000000004,4.225002812980655e-06,3.7728608148187415e-06
GradientDescent,131072,467,,0.046824113247613486,3.7280017915113426,1.406532767550131e-05,0.014065316389381568,1.0000000000000007,4.225013835110387e-06,3.772872022100346e-06
GradientDescent,131072,468,,0.04682391541456754,3.7279877261959053,1.4065316389382655e-05,0.014065305103269572,0.9999999999999999,4.225024933177998e-06,3.7728832290977293e-06
GradientDescent,131072,469,,0.04682371758184134,3.727973660891752,1.4065305103269096e-05,0.014065293817165554,1.0000000000000002,4.225035955436946e-06,3.7728944370021167e-06
GradientDescent,131072,470,,0.04682351974942778,3.727959595598887,1.4065293817167084e-05,0.014065282531069503,1.0,4.225047129508648e-06,3.772905643788422e-06
GradientDescent,131072,471,,0.04682332191733751,3.7279455303173057,1.4065282531068683e-05,0.01406527124498144,1.0000000000000004,4.2250580760229e-06,3.772916851839107e-06
GradientDescent,131072,472,,0.046823124085559886,3.727931465047012,1.4065271244982418e-05,0.014065259958901346,0.9999999999999998,4.225069250225104e-06,3.7729280590099515e-06
GradientDescent,131072,473,,0.04682292625409845,3.7279173997880046,1.406525995890112e-05,0.014065248672829229,1.0000000000000002,4.225080348618325e-06,3.77293926649219e-06
GradientDescent,131072,474,,0.046822728422960314,3.727903334540284,1.4065248672828779e-05,0.014065237386765087,1.0000000000000002,4.225091295325767e-06,3.772950474047576e-06
GradientDescent,131072,475,,0.04682253059213837,3.727889269303847,1.4065237386765039e-05,0.01406522610070892,1.0000000000000002,4.2251023938482104e-06,3.7729616823908653e-06
GradientDescent,131072,476,,0.04682233276162906,3.7278752040786984,1.406522610070972e-05,0.01406521481466073,1.0000000000000002,4.225113568312064e-06,3.77297288961605e-06
GradientDescent,131072,477,,0.04682213493144305,3.727861138864833,1.4065214814661139e-05,0.014065203528620515,1.0,4.2251245152127015e-06,3.772984098343899e-06
GradientDescent,131072,478,,0.04682193710157323,3.727847073662255,1.4065203528620405e-05,0.014065192242588273,1.0000000000000004,4.225135613930265e-06,3.7729953058345116e-06
GradientDescent,131072,479,,0.04682173927201605,3.7278330084709643,1.406519224258853e-05,0.01406518095656401,1.0,4.225146788590203e-06,3.7730065136365266e-06
GradientDescent,131072,480,,0.046821541442782166,3.7278189432909583,1.4065180956564437e-05,0.014065169670547722,1.0000000000000004,4.22515773568404e-06,3.7730177221073325e-06
GradientDescent,131072,481,,0.046821343613864475,3.7278048781222393,1.4065169670547726e-05,0.014065158384539412,0.9999999999999999,4.22516883459673e-06,3.773028930055654e-06
GradientDescent,131072,482,,0.046821145785262974,3.7277908129648067,1.4065158384537771e-05,0.014065147098539073,1.0000000000000007,4.225179933574677e-06,3.7730401381962574e-06
GradientDescent,131072,483,,0.046820947956977665,3.727776747818658,1.4065147098539572e-05,0.014065135812546717,1.0,4.22519103261788e-06,3.7730513471247905e-06
GradientDescent,131072,484,,0.0468207501290121,3.7277626826837964,1.4065135812546207e-05,0.014065124526562325,0.9999999999999994,4.225202055847621e-06,3.773062555292579e-06
GradientDescent,131072,485,,0.04682055230136273,3.7277486175602204,1.4065124526561526e-05,0.014065113240585913,1.0000000000000004,4.225213155020701e-06,3.773073763890912e-06
GradientDescent,131072,486,,0.0468203544740331,3.72773455244793,1.4065113240585554e-05,0.014065101954617487,0.9999999999999994,4.225224178379677e-06,3.7730849725624045e-06
GradientDescent,131072,487,,0.04682015664701966,3.727720487346926,1.4065101954617805e-05,0.014065090668657026,0.999999999999999,4.225235277682634e-06,3.7730961810687947e-06
GradientDescent,131072,488,,0.046819958820322416,3.727706422257209,1.406509066865855e-05,0.014065079382704545,0.9999999999999998,4.225246377050851e-06,3.7731073895292113e-06
GradientDescent,131072,489,,0.046819760993944914,3.7276923571787774,1.4065079382704247e-05,0.014065068096760025,0.9999999999999999,4.225257400604006e-06,3.7731185985393133e-06
GradientDescent,131072,490,,0.046819563167883604,3.727678292111632,1.4065068096759429e-05,0.014065056810823501,1.0000000000000007,4.225268500102105e-06,3.773129807384314e-06
GradientDescent,131072,491,,0.04681936534214204,3.7276642270557714,1.4065056810822638e-05,0.014065045524894945,1.0000000000000007,4.2252795237845e-06,3.7731410165407417e-06
GradientDescent,131072,492,,0.04681916751671311,3.7276501620111966,1.4065045524895536e-05,0.01406503423897436,0.9999999999999996,4.22529069929377e-06,3.7731522256512014e-06
GradientDescent,131072,493,,0.04681896969160393,3.7276360969779088,1.406503423897477e-05,0.01406502295306176,1.0000000000000002,4.225301723106051e-06,3.7731634344774236e-06
GradientDescent,131072,494,,0.04681877186681449,3.727622031955906,1.4065022953061437e-05,0.014065011667157127,0.9999999999999996,4.225312746982634e-06,3.773174643853344e-06
GradientDescent,131072,495,,0.04681857404234124,3.7276079669451896,1.40650116671557e-05,0.014065000381260477,1.0000000000000002,4.2253238468057675e-06,3.7731858530641623e-06
GradientDescent,131072,496,,0.04681837621818419,3.7275939019457596,1.406500038126042e-05,0.0140649890953718,1.0000000000000002,4.225334946694167e-06,3.77319706222901e-06
GradientDescent,131072,497,,0.04681817839434688,3.7275798369576143,1.4064989095370018e-05,0.014064977809491098,0.9999999999999998,4.225345970764942e-06,3.7732082719435652e-06
GradientDescent,131072,498,,0.046817980570822204,3.7275657719807542,1.4064977809491622e-05,0.014064966523618373,0.9999999999999999,4.2253571466664426e-06,3.773219481612155e-06
GradientDescent,131072,499,,0.04681778274762083,3.727551707015182,1.4064966523619446e-05,0.014064955237753618,1.0000000000000004,4.225368094983579e-06,3.7732306906390956e-06
