iteration,timestamp,function_value,gradient_norm,gradient_cosine_similarity,gradient_angle,step_size,improvement,best_so_far,relative_improvement,distance_to_minimum,x1,x2
0,0.00018215179443359375,18.112282125370907,0.6511006475125701,0.0,0.0,0.0,0.0,18.112282125370907,0.0,11.08226650894187,-5.6219699425274765,9.550397109049038
1,0.003627777099609375,18.107873792486284,0.7030755685887065,0.9999642067505831,0.4847741895874033,0.006511006475125537,0.02433891463322405,18.107873792486284,0.02433891463322405,11.084817764082253,-5.628426274294905,9.549555096324658
2,0.003833293914794922,18.098144544072174,0.8066807688621384,0.9998917602994961,0.8430141000690212,0.012890547114957638,0.05372938052035566,18.098144544072174,0.0780552180055219,11.08993294962547,-5.641216132642555,9.547947076309235
3,0.004014730453491211,18.08071936476091,0.9657732295924906,0.9998260688275693,1.0686429806317006,0.01966748058767884,0.09628157885926084,18.08071936476091,0.17426164406850497,11.097898703990452,-5.6607480993057955,9.54564228327454
4,0.004201173782348633,18.051297244378556,1.185472154400888,0.9997843821603765,1.189837847278788,0.027355727757717826,0.16272649217539756,18.051297244378556,0.3367045663833027,11.109287123930363,-5.687947350546351,9.54272054182337
5,0.004381418228149414,18.00297683179328,1.4613467926363635,0.9997697511494512,1.2295457669561698,0.03646850185753338,0.2676838785108601,18.00297683179328,0.6034871410517448,11.124983790511987,-5.724254726820858,9.539296208925663
6,0.004617214202880859,17.926590400964187,1.7427633024382934,0.9997815979970058,1.1974953710189502,0.04742327508458087,0.4242988898046802,17.926590400964187,1.0252254416168285,11.14617530169039,-5.771529620828756,9.535547687044993
7,0.004797220230102539,17.817205168606353,1.8393929711620922,0.9998105994129312,1.115154767770337,0.06009027578769469,0.6101842565218124,17.817205168606353,1.6291539339000387,11.174099947065427,-5.831499328486549,9.531743030992207
8,0.004975557327270508,17.697605303916387,1.3409521211104067,0.9998171702093313,1.095639619204489,0.072452023659194,0.6712605235118464,17.697605303916387,2.289478590186374,11.209042935676651,-5.903865739717104,9.528221914986933
9,0.005148887634277344,17.639474386825427,0.0423037922207992,0.9768883624016454,12.342211791792165,0.07859464319494722,0.3284676999667056,17.639474386825427,2.610426092486664,11.248081002326066,-5.982403744363488,9.525238667577536
10,0.0053217411041259766,17.685944763968706,1.3213171023312322,-0.9815154323153468,168.96649397171004,0.07114328900849923,-0.26344536194336554,17.639474386825427,2.610426092486664,11.283869995980725,-6.053499917099946,9.522649885397708
11,0.005535602569580078,17.77242244111244,2.045135465519227,0.9996691599191936,1.4738682506082956,0.050860220973874826,-0.4889627232123501,17.639474386825427,2.610426092486664,11.308825057058856,-6.10428219611522,9.519835242342852
12,0.005713939666748047,17.826457836301962,2.2764959539679523,0.999564097768274,1.6917958433568105,0.025577711575663454,-0.304040686454336,17.639474386825427,2.610426092486664,11.319295201587112,-6.129574719128222,9.516026356799207
13,0.0058917999267578125,17.825260295203925,2.2851791873525906,0.9991657742226285,2.340505301302665,0.005518994309196309,0.00671777371048023,17.639474386825427,2.610426092486664,11.314707687306047,-6.1296691898280775,9.510508171094484
14,0.006067752838134766,17.77331759985096,2.111286018953372,0.997133758255905,4.339081684629597,0.02393905111293088,0.291399365242046,17.639474386825427,2.610426092486664,11.29577474066261,-6.107103615977983,9.50251610972063
15,0.006239175796508789,17.69271638082801,1.6610525443038804,0.9805978703828763,11.304907903671154,0.04256533848115476,0.45349563225958844,17.639474386825427,2.610426092486664,11.263934618659777,-6.066139106097652,9.490952504301923
16,0.0064432621002197266,17.62268181201224,1.1615899892072654,0.8052865614075478,36.36206080576078,0.054820403638235725,0.39583841908900536,17.62268181201224,2.7031398361052306,11.22162000154738,-6.014009738476401,9.473987667536793
17,0.006635904312133789,17.587584143058297,1.5665972501978367,0.6783179768155502,47.28765676755305,0.05853635788019917,0.19916190582308363,17.587584143058297,2.8969181171136644,11.172019946597496,-5.961217831571834,9.448698939627736
18,0.0068171024322509766,17.554744746792615,2.516170803501182,0.9749060289235173,12.862776252279346,0.057187251218383035,0.18671919917235502,17.554744746792615,3.0782282139770656,11.117183851379645,-5.918259850774573,9.41094985238398
19,0.006987810134887695,17.4443444263143,3.6797925173517294,0.9999997775230051,0.03821907688037568,0.061647093558206065,0.6288916305575286,17.4443444263143,3.687761124927432,11.056004623332663,-5.892089072243398,9.355133595834062
20,0.007159709930419922,17.128223238927287,5.335586628910063,0.9992727608117273,2.1852573523846055,0.08236106693316615,1.812170063038607,17.128223238927287,5.433102684863728,10.983701070403454,-5.88678220591582,9.272943678470977
21,0.0073316097259521484,16.406248165660525,6.531606817072234,0.999545155335765,1.7281667505892182,0.12290125422457265,4.215119473839706,16.406248165660525,9.419210389400035,10.892280804377135,-5.906677382695529,9.151663423561626
22,0.007558584213256836,15.701275315950067,1.9327073228152907,0.37388255527548253,68.04473523938745,0.17344439442921994,4.296977850097488,15.701275315950067,13.31144685541092,10.78053458273648,-5.956517522928934,8.985534201627514
23,0.00773310661315918,16.172966116341765,5.329575314219812,-0.10222342433318864,95.8672195765508,0.16038916857978744,-3.004155973957947,15.701275315950067,13.31144685541092,10.694187500533634,-6.02054344329461,8.838478542372103
24,0.007909059524536133,16.664660851616148,5.165347310645151,0.9676515282010506,14.613096439155068,0.09241798055584638,-3.040226089248749,15.701275315950067,13.31144685541092,10.653611098890728,-6.066013189997217,8.758019948891844
25,0.008080720901489258,16.822280023728627,4.809534101149425,0.9955700675637214,5.395064441536743,0.03158105721970432,-0.9458288621408899,15.701275315950067,13.31144685541092,10.641272370885751,-6.082849601509566,8.731301071248854
26,0.00827646255493164,16.72555993697187,5.030382567261376,0.9980547964924656,3.574296506278287,0.019682418155961313,0.5749523050402764,15.701275315950067,13.31144685541092,10.648194220643784,-6.071674235949977,8.747503194229367
27,0.008472919464111328,16.36758744091132,5.46943363543827,0.9815053067646786,11.036536979861785,0.06796852402538532,2.14027211889781,15.701275315950067,13.31144685541092,10.676369086782234,-6.036757341015276,8.805817263769303
28,0.008649587631225586,15.824429804311832,3.7163375785083206,0.9239572683486111,22.48835845059501,0.11519770301536025,3.318495401722105,15.701275315950067,13.31144685541092,10.735254063497083,-5.987905820388786,8.910143864943187
29,0.008819818496704102,15.78948812100496,3.5090861347587836,-0.6928003527645397,133.85219189687473,0.13736822239895016,0.22080848244750922,15.701275315950067,13.31144685541092,10.821381526957405,-5.946473151271477,9.041114710763404
30,0.008991718292236328,16.22505584500521,6.183191030322662,0.9495674528800169,18.274075330418977,0.09290985371505465,-2.758593063069648,15.701275315950067,13.31144685541092,10.89080528384362,-5.932772466769645,9.133008846384422
31,0.009162187576293945,16.35089642306949,6.340009692720636,0.9931845799603894,6.693155435217575,0.029154939943417873,-0.7755941136129918,15.701275315950067,13.31144685541092,10.919743410026081,-5.945556079548356,9.15921170438557
32,0.009340524673461914,16.09156577722022,5.686866655855418,0.9866716401221998,9.365037871902691,0.04780973239539471,1.5860332005001139,15.701275315950067,13.31144685541092,10.905351644127162,-5.975884573934862,9.12225290381024
33,0.009534597396850586,15.719936912724515,2.410490639929541,0.8628217339442021,30.36510118742196,0.09622800795402628,2.309463663391894,15.701275315950067,13.31144685541092,10.849937020884335,-6.011002635838526,9.032661881699035
34,0.009705305099487305,15.799062975056275,3.5591860886043767,-0.5434502873421616,122.91882518404543,0.10531775655841909,-0.5033484725228836,15.701275315950067,13.31144685541092,10.776938983733091,-6.0334003333856066,8.92975331552941
35,0.009876489639282227,16.051975224251702,5.150014046265016,0.9714416237657884,13.725981277039406,0.06332865796915467,-1.6008053743106643,15.701275315950067,13.31144685541092,10.724487539025052,-6.033336240537168,8.866424689993394
36,0.01004791259765625,16.06935471888101,5.099540712251833,0.9863801582349411,9.467118542921124,0.020456001046984213,-0.10827013116148526,15.701275315950067,13.31144685541092,10.706782124241585,-6.014909584608409,8.857541766481546
37,0.010221004486083984,15.865587006321922,4.062133391393216,0.9676095076768328,14.622636353403472,0.04975369245090411,1.2680516182747867,15.701275315950067,13.31144685541092,10.726623065436492,-5.988220495736867,8.899531318130808
38,0.010397911071777344,15.688115439460148,1.5597611231403508,0.4676635504334789,62.11726088526523,0.0813137268822736,1.1185943942134473,15.688115439460148,13.384104052327512,10.779657488057834,-5.966463207892665,8.977880170101654
39,0.010586738586425781,15.80079845936416,3.66225467114922,0.03445891741317252,88.02525852714494,0.07721878334001316,-0.7182699562535154,15.688115439460148,13.384104052327512,10.840919652104107,-5.961053421908792,9.054909221219532
40,0.010764598846435547,15.933765899386543,4.866323439078966,0.9670980282373192,14.738273228285218,0.03838234426199429,-0.8415235493595078,15.688115439460148,13.384104052327512,10.877853191864586,-5.972619290065226,9.091507514141938
41,0.010939598083496094,15.856918455395121,4.2493391126409,0.9791623698371192,11.717064744949727,0.025182653308338444,0.48229304030618925,15.688115439460148,13.384104052327512,10.876854387679842,-5.99308455738552,9.076833085323177
42,0.011113643646240234,15.698285811283753,1.8935775660284253,0.8601141045735615,30.670603040162206,0.05871521716999847,1.000400201070561,15.688115439460148,13.384104052327512,10.84070447079547,-6.0116580904384715,9.021132990195332
43,0.011286735534667969,15.714729928845525,2.2611946772403138,-0.40157761360119393,113.67683983159517,0.06683205513712481,-0.10475103944121036,15.688115439460148,13.384104052327512,10.789437260259184,-6.018774492314778,8.954680899045492
44,0.011481046676635742,15.821471464591758,3.7221974716248876,0.9320961334297598,21.236042448379994,0.0420417643635274,-0.679245117348793,15.688115439460148,13.384104052327512,10.751207410939035,-6.0119326174961865,8.913199593620456
45,0.011654138565063477,15.817653998377093,3.6565104577216117,0.9780217466750953,12.03463330144318,0.01561173860132823,0.024128389215935266,15.688115439460148,13.384104052327512,10.741423481547146,-5.996376551184608,8.911882330144165
46,0.011825799942016602,15.71714929190937,2.279120131325984,0.9434954091573101,19.35289708577091,0.03865349377239153,0.635395782952607,15.688115439460148,13.384104052327512,10.762057375832361,-5.980723384664704,8.94722452813343
47,0.012000083923339844,15.678513352124744,1.216301895660051,-0.18214733123272858,100.49486082722987,0.054154704251462966,0.24582027610130755,15.678513352124744,13.437118284708275,10.802528249313877,-5.973208559502002,9.000855297243499
48,0.012172222137451172,15.74617964775586,2.891225841170319,0.6993464776061786,45.6254047044152,0.042888775001860446,-0.4315861721796796,15.678513352124744,13.437118284708275,10.840362126178324,-5.977257652940312,9.043552508668697
49,0.012341499328613281,15.772368653366884,3.2905000982299875,0.9728810946923386,13.373962155193434,0.016256419669493222,-0.16631974356241672,15.678513352124744,13.437118284708275,10.85607099199263,-5.989411614545118,9.05434845224856
50,0.012530803680419922,15.710878454963163,2.2079436885300705,0.9610251977995756,16.049086722901063,0.026565575385212505,0.38986026610907876,15.678513352124744,13.437118284708275,10.844035412728458,-6.0024985283207855,9.031230007591194
51,0.012700319290161133,15.671371077242934,0.857247783443071,0.11303206259187251,83.509869586995,0.042964862214047946,0.251465109563929,15.671371077242934,13.476551608639362,10.812695824217275,-6.009571045309886,8.988851252435916
52,0.012874841690063477,15.708967081166032,2.1177406207369156,0.43861335621072167,63.984558765195864,0.03733498645490213,-0.23990245485088346,15.671371077242934,13.476551608639362,10.780524873669238,-6.00740795222539,8.951578980679347
53,0.013045787811279297,15.735963893649084,2.627132334736466,0.966924407267866,14.777324809259605,0.016510861494438724,-0.17185606376003731,15.671371077242934,13.476551608639362,10.764014164038743,-5.998148663579351,8.937908789712946
54,0.013216257095336914,15.704487412573535,2.0006777347024434,0.9676253308714425,14.619044730375993,0.017573425616422358,0.2000289355534964,15.671371077242934,13.476551608639362,10.769500812618384,-5.987332623355403,8.951759369548096
55,0.013387441635131836,15.67000902377131,0.7617820277684477,0.5853243306246755,54.17409421230244,0.032871674663009436,0.219544821148506,15.67000902377131,13.484071663054348,10.792669486733818,-5.9807956583358655,8.983974507037855
56,0.013616800308227539,15.686267548734856,1.5210870519079283,-0.03464361013936855,91.98532990865883,0.03242131805232543,-0.10375568347715115,15.67000902377131,13.484071663054348,10.820173504489516,-5.981722139467537,9.016382584687767
57,0.013801097869873047,15.710463525798621,2.1958033581192677,0.9506226462790867,18.080272122130157,0.016937392514871974,-0.15424942223248717,15.67000902377131,13.484071663054348,10.836925466443757,-5.988898623845163,9.031724466488267
58,0.013976097106933594,15.694513390423163,1.7839153668895569,0.9711671324460696,13.792106601168951,0.012022619142673536,0.10152555555898357,15.67000902377131,13.484071663054348,10.835215838613495,-5.9978675059959565,9.023718061301484
59,0.014148712158203125,15.66906841879641,0.698936721813952,0.7298807901334045,43.12359879784362,0.025575883798060906,0.1621265406181961,15.66906841879641,13.489264851678454,10.81771800519664,-6.0036949453570605,8.998814913256616
60,0.014322042465209961,15.676230509957104,1.1104993361491258,-0.1920937267861503,101.07499697991358,0.02687290000746613,-0.04570846823352093,15.66906841879641,13.489264851678454,10.795297971044196,-6.003557989408201,8.971942362244862
61,0.014516830444335938,15.693490830609896,1.7189691838244172,0.9371448594333318,20.42252854915606,0.015422083033780046,-0.11010504497129224,15.66906841879641,13.489264851678454,10.780281160206295,-5.9981234223882804,8.957509548021475
62,0.014689445495605469,15.686675616506388,1.5075353120042698,0.9718566912279106,13.62539322442008,0.008361546376673199,0.04342701172778503,15.66906841879641,13.489264851678454,10.779552683017394,-5.990795217332524,8.961536068662182
63,0.014861822128295898,15.669018384153777,0.6894847402843639,0.8435710694731443,32.480840522852816,0.01933104776966298,0.11256197797595631,15.669018384153777,13.48954109871506,10.792184881513032,-5.985638124010649,8.980166522128012
64,0.015044450759887695,15.670194493401361,0.780199052843017,-0.28974838155890476,106.84289259587416,0.022207527140153407,-0.0075059535878379486,15.669018384153777,13.48954109871506,10.810445891705957,-5.985237417932376,9.002370433862648
65,0.015217781066894531,15.68240731967728,1.3816986552443806,0.901373110058329,25.66085245821394,0.014223183960158729,-0.07793666046111582,15.669018384153777,13.48954109871506,10.824069309587136,-5.989374272474851,9.015978717974134
66,0.015386581420898438,15.680166040991399,1.2931967028391795,0.9718915165485412,13.616920462547899,0.006169267789257289,0.014291674997300864,15.669018384153777,13.48954109871506,10.826250079918376,-5.995387577112973,9.014600301351807
67,0.015583515167236328,15.668212721556316,0.6298918513660304,0.8839371978556047,27.878985063926798,0.014836417738070819,0.07623209731219892,15.668212721556316,13.493989254899269,10.816970569858618,-5.9998802977570485,9.000460472763283
68,0.015754222869873047,15.667538448560599,0.5686629234868582,-0.29426031913223866,107.11318817798197,0.018084169841655114,0.0043034455026839035,15.667538448560599,13.497711993928233,10.802333762307557,-6.000590003515122,8.98239023434209
69,0.015925884246826172,15.675531037436933,1.0736143646662264,0.8685527012569088,29.709112835181884,0.012358732876385737,-0.05101368605269598,15.667538448560599,13.497711993928233,10.790668945266976,-5.997503101428853,8.970423224948776
70,0.016097545623779297,15.675397144665455,1.0654589202129474,0.9707433697374406,13.893585567387799,0.004873556584535897,0.0008541514233760172,15.667538448560599,13.497711993928233,10.787765122222494,-5.992635430873018,8.970183773194696
71,0.01626729965209961,15.667717992839137,0.582170116034746,0.9152487646306993,23.758920346288797,0.011127498261467833,0.0489885631314387,15.667538448560599,13.497711993928233,10.794281737476672,-5.988751061186376,8.98061127959347
72,0.016455650329589844,15.66600973527224,0.40118491190086886,-0.22294020698320216,102.88178442751602,0.014625969615944132,0.01090304004499744,15.66600973527224,13.506152196426054,10.805928640711468,-5.9878463945246025,8.995209244021348
73,0.01663041114807129,15.671135062870098,0.8426440203486179,0.7908750109551691,37.73264203075107,0.010841079670132758,-0.03271622885767796,15.66600973527224,13.506152196426054,10.816019082230344,-5.990136200566194,9.005805743287901
74,0.016808748245239258,15.671940732438257,0.8922653578799721,0.9686341478959766,14.388248441003032,0.004166270706318051,-0.0051411053821350155,15.66600973527224,13.506152196426054,10.819310138354307,-5.994086191123371,9.007130653170321
75,0.016980886459350586,15.667019307833218,0.5185897598756775,0.9309943845125839,21.409644355339527,0.00841516288557867,0.031402777033556054,15.66600973527224,13.506152196426054,10.814725232504493,-5.997418090849126,8.999403207886896
76,0.017162322998046875,15.665322419249055,0.2957229271212572,-0.13127557629705905,97.54330920167209,0.011775219025380961,0.0108309599345109,15.665322419249055,13.509946947515003,10.805509979500622,-5.998403651248069,8.987669305987028
77,0.017335176467895508,15.668502982681478,0.6502438457715105,0.7104935338481733,44.72491520355993,0.009216160292056854,-0.02030321079452999,15.665322419249055,13.509946947515003,10.797047142897469,-5.9967396305016045,8.978604613742709
78,0.017525672912597656,15.669510068810576,0.7258397084431052,0.9658582086247124,15.014961495450116,0.00368121855253602,-0.006427455961882231,15.665322419249055,13.509946947515003,10.793729011899574,-5.993571181584529,8.976730500221223
79,0.01769852638244629,15.666501299118828,0.45939544243405545,0.9428808975322523,19.458865738708887,0.00625178278147744,0.019201427986806234,15.665322419249055,13.509946947515003,10.79678952350864,-5.9907354809893105,8.982302177713779
80,0.017871856689453125,15.664955538353617,0.21921384703886368,0.048139189291498116,87.24076122234672,0.009397376056167686,0.009866662222138261,15.664955538353617,13.5119725392814,10.804002121575143,-5.989723221527574,8.991644875799619
81,0.018069744110107422,15.666851706530139,0.5013358517521089,0.5579084931394632,56.088720839159734,0.007864048439814145,-0.012104523194332835,15.664955538353617,13.5119725392814,10.811130695686847,-5.9909104864321,8.999418784720504
82,0.01828479766845703,15.667836294896603,0.5972728211379424,0.9613203910757994,15.987794711963149,0.0033643362738543145,-0.006284532367492054,15.664955538353617,13.5119725392814,10.814374103734052,-5.9934519931331485,9.001623212594602
83,0.01851344108581543,15.666008788962095,0.4009014173399445,0.9502598335968213,18.147134090228914,0.004655122353188356,0.011664060691663368,15.664955538353617,13.5119725392814,10.812386832057452,-5.995853835183774,8.997635566812063
84,0.018746614456176758,15.664781232738317,0.17163481386716387,0.2151062056582633,77.57824177014949,0.007486966237155966,0.007835794300352647,15.664781232738317,13.512934900700536,10.806758822380013,-5.996840104851135,8.990213846285153
85,0.019016027450561523,15.665887142611625,0.3833149263686009,0.4082786873345165,65.903249592889,0.00659267690943902,-0.007059848821871118,15.664781232738317,13.512934900700536,10.80086088930968,-5.996016993169429,8.983672754939537
86,0.019189119338989258,15.666695412007304,0.48150936443191117,0.956004470057949,17.058748213509418,0.0030398427242371733,-0.0051594230720572315,15.664781232738317,13.512934900700536,10.79784978959116,-5.99399857248624,8.981399734540647
87,0.01936173439025879,15.665635872924094,0.34607236355082643,0.955521526773252,17.152822168797584,0.0034238498500632317,0.006763003015924573,15.664781232738317,13.512934900700536,10.799029382875823,-5.991979439557344,8.984164847560258
88,0.019559144973754883,15.664693255620225,0.14126425730076092,0.4182397438091683,65.27649505594759,0.005910088941285912,0.006017102092216198,15.664693255620225,13.513420632523191,10.80336517045299,-5.991042852348994,8.990000252918506
89,0.019733190536499023,15.665296582242405,0.2909458238209871,0.21389823509511885,77.64910278662025,0.005524003559012031,-0.0038515061376220377,15.664693255620225,13.513420632523191,10.80824364694332,-5.991591183799706,8.995496974481414
90,0.019911527633666992,15.66593117007545,0.3905909802575908,0.947583886857846,18.63311810180501,0.002765074270433347,-0.0040509148978616185,15.664693255620225,13.513420632523191,10.811007554459906,-5.993190221927043,8.997752792024642
91,0.020087718963623047,15.665330908018799,0.2969188514916651,0.9590475753460177,16.453974232599826,0.0025194604478488854,0.0038316398184943946,15.664693255620225,13.513420632523191,10.810391030601977,-5.99488137336619,8.995885256815296
92,0.020275115966796875,15.664643289989439,0.12099482679679369,0.5654959954825489,55.56325878816975,0.004658011470183315,0.004389425498878279,15.664643289989439,13.513696498537426,10.807063532680012,-5.995747886593672,8.99130855214021
93,0.020471811294555664,15.664959331182244,0.2198939914503823,0.0658653772394679,86.2234579082909,0.004579034833723422,-0.002017544778739644,15.664643289989439,13.513696498537426,10.803073759486475,-5.995403407029163,8.98674249324461
94,0.02064657211303711,15.665423912115587,0.31228534250305073,0.9374547994746247,20.371575771692658,0.002467235242598766,-0.002965733415077855,15.664643289989439,13.513696498537426,10.80061019736719,-5.9941481376652295,8.984618452622048
95,0.020819425582885742,15.665103278472486,0.25181392557298843,0.9612505119676935,16.00232460866197,0.001848258257421341,0.0020467600806703926,15.664643289989439,13.513696498537426,10.800827021112504,-5.9927414894444215,8.985817368536123
96,0.020992517471313477,15.664614984240286,0.10758803059940114,0.6910143425003422,46.28954340725188,0.0036382253706588757,0.003117082750876173,15.664614984240286,13.51385277784534,10.803344264607855,-5.991952329937624,8.989368975372548
97,0.021166086196899414,15.664759049975139,0.16450640418555615,-0.06039801370755151,93.46265870680399,0.0037841687260811796,-0.0009196889613805166,15.664614984240286,13.51385277784534,10.80659674965564,-5.992146483509882,8.993148160117679
98,0.021338462829589844,15.665091112629527,0.25014331931412076,0.9216755815821862,22.827717052533963,0.0021979893730096206,-0.0021198069713628453,15.664614984240286,13.51385277784534,10.808777511509968,-5.993127103702162,8.99511527509204
99,0.02152848243713379,15.664930546171552,0.21291193104676293,0.9625019397543755,15.740138836063553,0.0013676758667718913,0.0010249953659411325,15.664614984240286,13.51385277784534,10.808829110763588,-5.994293044607725,8.99440034916491
100,0.021704912185668945,15.664592980789807,0.09615005469193234,0.7706871072404562,39.584369363089706,0.002834702923724868,0.0021549114485382016,15.664592980789807,13.513974261434905,10.806937588522608,-5.995000692648942,8.991655394718013
101,0.021877050399780273,15.66464740512801,0.12282390979937097,-0.1307633082377638,97.51370319381115,0.0031047546706871316,-0.00034743538034531367,15.664592980789807,13.513974261434905,10.804307345948565,-5.994913911815129,8.988551853087547
102,0.022047996520996094,15.664875443375783,0.19827369388628632,0.9016040207671614,25.63028378437128,0.0019267433455729293,-0.0014557509139860544,15.664592980789807,13.513974261434905,10.802412886690405,-5.994154921689373,8.98678090026245
103,0.022218704223632812,15.66480463747832,0.1781293232860884,0.9627950601013171,15.678109927934772,0.0010288848263489852,0.00045200421618025544,15.664592980789807,13.513974261434905,10.802187401041895,-5.993194639518347,8.987150308083024
104,0.02241373062133789,15.664576910329737,0.08666876664713984,0.829347229063431,33.96825907355639,0.002189740204801205,0.0014537503266216915,15.664576910329737,13.514062988299688,10.803584887457724,-5.9925672581792755,8.989248248697033
105,0.02259993553161621,15.664583432533709,0.09085941396213434,-0.16108535933598328,99.26989996179805,0.0025361771976704483,-4.163664303802361e-05,15.664576910329737,13.514062988299688,10.805701252480823,-5.992578144360545,8.9917844025309
106,0.022771120071411133,15.664736685141111,0.15695247517844696,0.8706538623391039,29.465288360993323,0.0016819295459248916,-0.0009783382243305054,15.664576910329737,13.514062988299688,10.807337415325602,-5.993161218006696,8.993362031169275
107,0.02294135093688965,15.664713291166478,0.1486773969348455,0.9622887231564856,15.785109566244344,0.0007982320234901602,0.00014934163978137037,15.664576910329737,13.514062988299688,10.807668379231098,-5.9939492132035515,8.993234603020666
108,0.023122072219848633,15.664562578580203,0.07743182084996073,0.8670134616182609,29.886582405907465,0.0016853724177384511,0.0009621151914784622,15.664562578580203,13.514142115542935,10.806648203063638,-5.994499637365026,8.991641645573356
109,0.02329421043395996,15.664548699967751,0.06733820864119926,-0.1496869204739596,98.60878358408905,0.0020603540206893607,8.85987871136393e-05,15.664548699967751,13.514218740964044,10.804956503473736,-5.99453970211595,8.989581681130385
110,0.023486614227294922,15.664648765285826,0.12324500233654194,0.8294245212575021,33.96033226958034,0.0014503128907634559,-0.0006388011553405152,15.664548699967751,13.514218740964044,10.80356170701757,-5.994096506361379,8.988200744852259
111,0.023660659790039062,15.6646483685126,0.12297186513240053,0.9609080918234238,16.073338790299406,0.0006437145352936955,2.532921304367823e-06,15.664548699967751,13.514218740964044,10.803176165989347,-5.993453731401457,8.988165977714822
112,0.023832082748413086,15.664550947947454,0.06889592448847512,0.894080537439679,26.60942911253181,0.0012866898578022487,0.0006219135141356643,15.664548699967751,13.514218740964044,10.803904396356048,-5.992975124659512,8.989360342138578
113,0.0240020751953125,15.664529544960429,0.04983842397704245,-0.09647506843158743,95.53622501848635,0.0016654173586157306,0.00013663326255872337,15.664529544960429,13.5143244979702,10.805248239305204,-5.99290198475278,8.99102415268441
114,0.024172067642211914,15.664593331381626,0.09643428660329381,0.7675211961710732,39.86818672171208,0.001244298810380436,-0.0004072029167192045,15.664529544960429,13.5143244979702,10.806430621180478,-5.993235204910332,8.992223003741096
115,0.024342060089111328,15.664602733173338,0.10144815699728242,0.9585683444956355,16.550638648615593,0.0005407801053879285,-6.0019379453330935e-05,15.664529544960429,13.5143244979702,10.80683721929851,-5.993757389770172,8.992363595684452
116,0.024535655975341797,15.66454090690332,0.06069028219016146,0.9123918431919286,24.161992106038817,0.0009778058798748353,0.0003946877624118833,15.664529544960429,13.5143244979702,10.806328739849281,-5.994170305854122,8.991477252271133
117,0.0247189998626709,15.664519388972916,0.037361001194997946,-0.008311139938641675,90.47619872377564,0.0013397903665106085,0.0001373671308385035,15.664519388972916,13.514380570349385,10.805267934906766,-5.994262767584182,8.99014065620101
118,0.02488851547241211,15.664558976585074,0.07495102677389623,0.6856996782212466,46.7093422533435,0.0010576001363230023,-0.00025272152419272256,15.664519388972916,13.514380570349385,10.804275282687081,-5.994015683492511,8.989112323813115
119,0.025055885314941406,15.664571078408212,0.08304709566399669,0.9551655047968264,17.22185353875939,0.000468083860590927,-7.725607312887524e-05,15.664519388972916,13.514380570349385,10.803872397763651,-5.993593909016031,8.988909324326574
120,0.025220870971679688,15.664532802820519,0.05305996070316385,0.9256348405374605,22.235720979696254,0.000737645809599425,0.0002443449456835199,15.664519388972916,13.514380570349385,10.804214860142583,-5.993240298724075,8.989556689062903
121,0.025385618209838867,15.664513950998062,0.028506233559285037,0.11748974966589744,83.25274906489234,0.001072127544867297,0.0001203471734150435,15.664513950998062,13.514410594036166,10.805046188211307,-5.993138108134761,8.990623935311863
122,0.025592327117919922,15.664537780890047,0.05796144607685741,0.5743272053556089,54.94747041973629,0.0008941884572507659,-0.00015212659683895457,15.664513950998062,13.514410594036166,10.805874920060734,-5.993318330101662,8.991499773789966
123,0.025776386260986328,15.664549382531504,0.06777475376247012,0.9503331318412247,18.133645320085723,0.0004133136916992804,-7.406309474038447e-05,15.664513950998062,13.514410594036166,10.80625962156765,-5.993657434904049,8.99173607051179
124,0.025946617126464844,15.664526208378746,0.04599790517981719,0.934933653893864,20.7825710736135,0.0005539224348933291,0.00014794011747561436,15.664513950998062,13.514410594036166,10.80603955301293,-5.9939583382744015,8.991271003607368
125,0.026115894317626953,15.664511066192897,0.022436091031038503,0.26106333581593444,74.8668339216372,0.0008540328841018657,9.666545701334638e-05,15.664511066192897,13.514426521378423,10.805392516912661,-5.99406322089549,8.990423435437295
126,0.02628350257873535,15.664524939827032,0.0445533342217483,0.44457392899784526,63.60391790954633,0.0007504359712741059,-8.85672976081287e-05,15.664511066192897,13.514426521378423,10.804705978976006,-5.993934488398263,8.989684123533468
127,0.026471614837646484,15.664534673048674,0.05494322684633178,0.9438541841403764,19.290769834445804,0.0003672091041779902,-6.213544093665812e-05,15.664511066192897,13.514426521378423,10.804349488697275,-5.993663445855342,8.989436376755249
128,0.026656627655029297,15.664521060042484,0.039564133465528895,0.9416081563067497,19.676596947768342,0.00041381236554320877,8.690335509397304e-05,15.664511066192897,13.514426521378423,10.804479895546583,-5.993409025508579,8.989762736925965
129,0.02683258056640625,15.664509495364026,0.01829518120754849,0.41152515444062926,65.69932131309855,0.0006766063368431514,7.382720744033062e-05,15.664509495364026,13.514435194105918,10.804979244884887,-5.993306132318667,8.990431473889595
130,0.02700185775756836,15.664517202267222,0.03404701663290585,0.3030863080754766,72.3569314001521,0.0006265055480145125,-4.919977352566643e-05,15.664509495364026,13.514435194105918,10.805544811022001,-5.9933955701929955,8.991051562648023
131,0.02717137336730957,15.66452481181673,0.04438105667350416,0.9349548653238517,20.779145640116134,0.00032667583852647185,-4.857825753318633e-05,15.664509495364026,13.514435194105918,10.805868627368467,-5.993611064772189,8.99129708085471
132,0.027340412139892578,15.66451707519752,0.03379302880759191,0.9462421105363367,18.872253521016784,0.0003085869523868802,4.938942804270282e-05,15.664509495364026,13.514435194105918,10.805802243102802,-5.993824996672875,8.99107468694955
133,0.027529001235961914,15.664508592777155,0.015426958568105815,0.5443269791639708,57.02131626494187,0.0005335460170066065,5.4150538593758854e-05,15.664508592777155,13.514440177392201,10.80542003718873,-5.9939227400148996,8.990550170418492
134,0.027698040008544922,15.664512625717752,0.0258754495151104,0.17457544034926895,79.94604768606433,0.0005198154373273949,-2.5745720478249396e-05,15.664508592777155,13.514440177392201,10.804957230141126,-5.993862936544092,8.990033806560575
135,0.02786707878112793,15.664518268510452,0.03563695094461687,0.9230967075277552,22.616917495704143,0.00028909824943480213,-3.6022778591853636e-05,15.664508592777155,13.514440177392201,10.804668382889203,-5.993692682538931,8.989800158595566
136,0.02804708480834961,15.664514071444625,0.028655101223299447,0.9493208485920334,18.31908257959574,0.0002303553892133297,2.6793456111346174e-05,15.664508592777155,13.514440177392201,10.804689945653319,-5.993513821663693,8.989945321926502
137,0.028211355209350586,15.664508035790654,0.013350698111399904,0.6536947466333825,49.17924732474222,0.0004184004179913584,3.853074499313044e-05,15.664508035790654,13.514443252578959,10.80497947915936,-5.993423113088981,8.990353771267607
138,0.028374433517456055,15.664509937961178,0.01955288359717969,0.07048661029851262,85.9580630262727,0.00042909843290182695,-1.2143187132706705e-05,15.664508035790654,13.514443252578959,10.805356051584416,-5.993460823758497,8.990781209415792
139,0.028554201126098633,15.66451397147201,0.02849941817181261,0.90679671125825,24.933632453411313,0.0002544527158207025,-2.574935856899964e-05,15.664508035790654,13.514443252578959,10.80561034965185,-5.9935944959864536,8.990997722510226
140,0.028717756271362305,15.664511836402838,0.02415338344649642,0.9511190176373079,17.988407827117417,0.00017321893133383806,1.3629973939919545e-05,15.664508035790654,13.514443252578959,10.805619066994081,-5.993743277781949,8.990909016391488
141,0.028880596160888672,15.664507653096365,0.011718675973045137,0.7353589636682266,42.66244322732875,0.0003264980440621133,2.6705629364465263e-05,15.664507653096365,13.514445365478295,10.805402089604556,-5.993825917618175,8.990593149916146
142,0.029061079025268555,15.664508388240101,0.01471352568234091,0.0021785637969977795,89.8751773902943,0.00035229349829603773,-4.693053573009956e-06,15.664507653096365,13.514445365478295,10.805097576940977,-5.993804398046298,8.990241514285175
143,0.029230117797851562,15.664511178658486,0.02266619858534839,0.884789838994712,27.77433009632061,0.0002222004965911013,-1.781363523250111e-05,15.664507653096365,13.514445365478295,10.804876485083126,-5.993700198932207,8.990045260354494
144,0.02940511703491211,15.664510203945301,0.020226616554676922,0.9517951149091395,17.862546618944926,0.00013217998726119446,6.222429629080315e-06,15.664507653096365,13.514445365478295,10.80484824028424,-5.993577092344277,8.990093388485983
145,0.029589414596557617,15.664507371322552,0.010353060222564874,0.7953019890310967,37.31621142165686,0.0002533452721197269,1.808305981364092e-05,15.664507371322552,13.514446921184037,10.805008645304735,-5.99350290761302,8.990335628970943
146,0.02976202964782715,15.664507502436877,0.011032847527041834,-0.02971492746637764,91.70279058254285,0.0002878033369599157,-8.370153087016905e-07,15.664507371322552,13.514446921184037,10.805253443832628,-5.99351276992297,8.990623263279758
147,0.029932737350463867,15.664509381129404,0.017946318976045417,0.8543578889496337,31.311130639619133,0.0001927099659411015,-1.1993307338106892e-05,15.664507371322552,13.514446921184037,10.805443800542257,-5.993593375736905,8.990798305656721
148,0.03011035919189453,15.664509027323351,0.016847970295991856,0.9514296210891767,17.930692477425048,0.00010324320294417522,2.2586475215483346e-06,15.664507371322552,13.514446921184037,10.805483722447608,-5.9936947422524325,8.990778710032616
149,0.03027939796447754,15.664507149753977,0.009140924317822747,0.8378968757753855,33.081303265548634,0.00019557518003478317,1.1986136120621422e-05,15.664507149753977,13.514448144489712,10.805366959510243,-5.993760519329167,8.990594527983486
150,0.030466794967651367,15.66450700460934,0.008271969143662036,-0.02515924918637685,91.44167091473847,0.00023394479455537867,9.265828441213998e-07,15.66450700460934,13.514448945849997,10.805171372902478,-5.993758826639987,8.99036058931267
151,0.030636310577392578,15.664508236451837,0.014134045877212032,0.8130447396084944,35.6055135709394,0.00016585501502110303,-7.863908491275492e-06,15.66450700460934,13.514448945849997,10.805009028599496,-5.993697015125553,8.990206682773852
152,0.030815601348876953,15.664508191382506,0.013951509497770843,0.950013880005574,18.192325277829223,8.304101681982238e-05,2.877162225442032e-07,15.66450700460934,13.514448945849997,10.80496308230358,-5.993613974228784,8.99020682397645
153,0.030977964401245117,15.664506972930914,0.008042571043142025,0.8685143298844628,29.713548635582132,0.00015013403458688458,7.778422259926914e-06,15.664506972930914,13.51444912075025,10.805046391403964,-5.993556264069706,8.990345423276162
154,0.03114032745361328,15.664506727145667,0.006221727448358286,0.014375608488474701,89.17630993364327,0.00018924216365295078,1.5690582972223743e-06,15.664506727145667,13.51445047775896,10.805201683803388,-5.99355241579022,8.99053462630798
155,0.03130316734313965,15.664507514476089,0.011078000624410837,0.7568178692966314,40.81553430710127,0.00014179375332783395,-5.026206282890002e-06,15.664506727145667,13.51445047775896,10.805339047900512,-5.993599351046924,8.990668426719642
156,0.03149008750915527,15.664507604803585,0.011495889415025348,0.9474684942666521,18.6537998702941,6.886124008837121e-05,-5.766379601150601e-07,15.664506727145667,13.51445047775896,10.805387087123318,-5.993667048828576,8.990681031510233
157,0.03165435791015625,15.66450683031435,0.007034932592762501,0.890417108170608,27.07429261985745,0.00011466843289687198,4.944229687587653e-06,15.664506727145667,13.51445047775896,10.805329123685684,-5.993717219893805,8.990577921308425
158,0.03181886672973633,15.66450657423375,0.004724951407896405,0.08588459774914088,85.0731053865645,0.0001523489933851954,1.634782397265838e-06,15.66450657423375,13.514451322003307,10.805206624704322,-5.993724633785851,8.990425752816318
159,0.03200387954711914,15.66450706410814,0.008637301181223678,0.6832434165790077,46.90238207318178,0.00012039271364392066,-3.1272889932424165e-06,15.66450657423375,13.514451322003307,10.805091294412232,-5.993689401756114,8.990310630665629
160,0.032175540924072266,15.664507198173709,0.009421633786089989,0.9436399783608513,19.327885871725442,5.857971502186805e-05,-8.558556535743608e-07,15.66450657423375,13.514451322003307,10.805043853171137,-5.993634492983546,8.990290219646374
161,0.03235673904418945,15.664506716761071,0.006114095689447361,0.9062994101633925,25.001135656752783,8.714180708855518e-05,3.0732702386580443e-06,15.66450657423375,13.514451322003307,10.805082796344587,-5.9935912318866436,8.990365864686115
162,0.03253650665283203,15.664506490048332,0.0036468479822580097,0.18485844951491817,79.3471201896246,0.0001220580209957174,1.4473021292524053e-06,15.664506490048332,13.514451786800716,10.805178759359755,-5.993581703085017,8.990487550192356
163,0.032733917236328125,15.664506785912367,0.006700353187495037,0.5907299131956528,53.79117782104766,0.00010159683631638291,-1.888754271839155e-06,15.664506490048332,13.514451786800716,10.80527493018938,-5.993607792004174,8.99058574023995
164,0.03289675712585449,15.664506919483133,0.0076851701287110495,0.9382582342373353,20.23892283506516,5.0725087540408516e-05,-8.526969086267975e-07,15.664506490048332,13.514451786800716,10.805320051508597,-5.993652103747054,8.990610428373719
165,0.03308391571044922,15.664506627302123,0.005277740067851665,0.9177898623980113,23.394915944262472,6.595603065885235e-05,1.8652423057742074e-06,15.664506490048332,13.514451786800716,10.805295179302016,-5.993689134459633,8.990555848850946
166,0.03325533866882324,15.664506443431646,0.002881041244530718,0.30115106238975514,72.47324828608207,9.732753100718119e-05,1.1738031752471454e-06,15.664506443431646,13.514452044176817,10.8052205528915,-5.993699724154355,8.990459099139537
167,0.033440589904785156,15.664506616029238,0.005171028634256731,0.48361127451709596,61.07847310143474,8.521358717988001e-05,-1.1018386819498661e-06,15.664506443431646,13.514452044176817,10.805140896784968,-5.993680724381132,8.990376030709568
168,0.033612728118896484,15.664506730550265,0.006237177825395236,0.9309606850733994,21.414933207962,4.43344267407906e-05,-7.310860797282229e-07,15.664506443431646,13.514452044176817,10.80509914737668,-5.993645153784829,8.99034956801747
169,0.03391861915588379,15.664506558091428,0.004525191973763558,0.9260972853557371,22.16559781744323,4.977514164214913e-05,1.1009528707883016e-06,15.664506443431646,13.514452044176817,10.805113761305142,-5.993613670093272,8.990388121122292
170,0.034101247787475586,15.664506417031806,0.0023384586378228356,0.422537038080944,65.00513476297489,7.723297284234293e-05,9.005047310369645e-07,15.664506417031806,13.514452189933381,10.805171328860913,-5.993602763019821,8.990464580051416
171,0.03427314758300781,15.664506513348783,0.003970837545629965,0.3704610173663649,68.25594777785972,7.107220882770406e-05,-6.148740020308612e-07,15.664506417031806,13.514452189933381,10.805236895626068,-5.993616311698193,8.990534348899637
172,0.03447699546813965,15.66450660381461,0.005038620103737282,0.9211760815988651,22.901372849957088,3.887100037038141e-05,-5.775210776835376e-07,15.664506417031806,13.514452189933381,10.80527473222103,-5.993644711163299,8.990560889906616
173,0.034651994705200195,15.664506505350403,0.0038548313512891752,0.9319779951061278,21.254722139233625,3.7540557076244675e-05,6.28581607736099e-07,15.664506417031806,13.514452189933381,10.805267448314382,-5.993671312892717,8.990534401391793
174,0.034827470779418945,15.664506401451055,0.0019487705373409862,0.5355634361064097,57.617869667141214,6.0995430502747615e-05,6.632787809593121e-07,15.664506401451055,13.514452275956506,10.80522342872252,-5.993682026216098,8.990474354183329
175,0.03500223159790039,15.664506452018081,0.0030348793239139762,0.2645794388008539,74.65803551249917,5.895199598431554e-05,-3.2281276425827955e-07,15.664506401451055,13.514452275956506,10.805169792239857,-5.993672628746035,8.990416156027113
176,0.035176992416381836,15.664506519666237,0.004050680745211249,0.9081700240894981,24.74632514493935,3.403376584645549e-05,-4.318562843262939e-07,15.664506401451055,13.514452275956506,10.805136072755815,-5.993650084929233,8.990390659487314
177,0.03535175323486328,15.664506465833703,0.003263121878481534,0.9359617459429128,20.615918731348444,2.8386682747146205e-05,3.436592977269358e-07,15.664506401451055,13.514452275956506,10.805138245429696,-5.9936277403008775,8.990408167238199
178,0.035546064376831055,15.664506391701028,0.0016591401330297891,0.6321583922684905,50.790455068585146,4.793665203341051e-05,4.7325254243654446e-07,15.664506391701028,13.51445232978753,10.805171570809211,-5.993617555257919,8.990455009393445
179,0.035719871520996094,15.664506415775108,0.002309786741389541,0.17740128613746944,79.7815714839897,4.864501461343394e-05,-1.5368552967261e-07,15.664506391701028,13.51445232978753,10.805215186394554,-5.993623825449949,8.990503248611294
180,0.035889387130737305,15.66450646435231,0.003241472002651089,0.8908495762150185,27.019800872672306,2.9686608631877793e-05,-3.1011001186651693e-07,15.664506391701028,13.51445232978753,10.805244828976535,-5.993641612865571,8.990527016290557
181,0.03606009483337402,15.664506436659828,0.002745883933477844,0.9383799632620557,20.218751769835215,2.1622072797673404e-05,1.7678490564912995e-07,15.664506391701028,13.51445232978753,10.80524610074307,-5.993660277845266,8.990516101504024
182,0.03623056411743164,15.664506385162603,0.0014327928384126284,0.709179638974728,44.83179235657098,3.7492157758388905e-05,3.287510172816929e-07,15.664506385162603,13.514452365886928,10.805221156034381,-5.993669729850857,8.990479820359008
183,0.03640604019165039,15.664506394609063,0.0017523788795335707,0.11707513840708333,83.27666962571122,3.993639057232158e-05,-6.030486618770721e-08,15.664506385162603,13.514452365886928,10.805185901180113,-5.993665784772254,8.990440079301564
184,0.0365900993347168,15.664506428350983,0.0025815945553125936,0.8678399977057248,29.791404709907738,2.575742965307609e-05,-2.1540365607882868e-07,15.664506385162603,13.514452365886928,10.80516014704837,-5.993651841827341,8.99041842198249
185,0.036763906478881836,15.664506415436694,0.002297334895991979,0.9394372714775556,20.042732759216033,1.6684270032822994e-05,8.244299534415385e-08,15.664506385162603,13.514452365886928,10.805156665462674,-5.993636334067582,8.990424576188676
186,0.03693366050720215,15.664506380498906,0.0012466779275114317,0.7682125750419891,39.80635013376914,2.9179980938061773e-05,2.2303791033939091e-07,15.664506380498906,13.514452391635738,10.80517508833557,-5.993627724834106,8.990452457228587
187,0.037102699279785156,15.664506382375645,0.00132729740316736,0.08697278446678552,85.01052269519546,3.262631156301942e-05,-1.1980835647212942e-08,15.664506380498906,13.514452391635738,10.805203415043968,-5.993629967815066,8.990485006349045
188,0.037276268005371094,15.66450640514704,0.0020465284647458435,0.8372616158709312,33.147927230403845,2.221812582386496e-05,-1.4536937762404803e-07,15.664506380498906,13.514452391635738,10.805225566127252,-5.9936408199384585,8.990504393884551
189,0.03746509552001953,15.6645064002028,0.0019116418556317353,0.9392330265234966,20.076850409804205,1.31177886367e-05,3.156333461543674e-08,15.664506380498906,13.514452391635738,10.80523035677096,-5.993653638079498,8.990501606118597
190,0.03763866424560547,15.66450637701125,0.0010870847871413706,0.8123425627561713,35.67455835325302,2.2602329109037767e-05,1.480515850370778e-07,15.66450637701125,13.51445241089149,10.805216967469509,-5.993661362393376,8.99048036464369
191,0.03780937194824219,15.6645063753776,0.0010062316495725533,0.0877849556061275,84.96381004656044,2.652629862574739e-05,1.0428989083185198e-08,15.6645063753776,13.514452419911057,10.80519434605726,-5.993660340970266,8.990453858017846
192,0.037979841232299805,15.664506390337754,0.0016146904385999875,0.7969896735491165,37.156408698843805,1.9047294285373623e-05,-9.550351377812578e-08,15.6645063753776,13.514452419911057,10.805175465532095,-5.993651960505625,8.990436753421037
193,0.03815197944641113,15.664506389407826,0.001582279536600008,0.9377796276949727,20.318044153843175,1.0551674140874317e-05,5.936530084791892e-09,15.6645063753776,13.514452419911057,10.805170010979987,-5.993641419387957,8.990437225295462
194,0.03832221031188965,15.664506374334689,0.0009466335669907053,0.8450668753241152,32.32089827708786,1.7425511597086736e-05,9.62247837894825e-08,15.664506374334689,13.514452425669093,10.805179548321002,-5.993634575297256,8.990453250490528
195,0.03850984573364258,15.664506371404773,0.0007661464450797307,0.11834198367918503,83.20357660391576,2.1465229718414252e-05,1.8704169767391453e-08,15.664506371404773,13.514452441845497,10.805197500406889,-5.993634741993622,8.990474715072965
196,0.0386805534362793,15.664506380977613,0.0012680277207280867,0.7447259574909108,41.86443384829085,1.6230058635826546e-05,-6.111166270587467e-08,15.664506371404773,13.514452441845497,10.805213463449778,-5.993641157185174,8.990489623463914
197,0.03885030746459961,15.664506381849822,0.0013030709023906573,0.9350065117567818,20.770803000726026,8.6903474269563e-06,-5.568059091687017e-09,15.664506371404773,13.514452441845497,10.805219131532446,-5.993649782390556,8.99049068552348
198,0.03902101516723633,15.664506372257708,0.0008213612981011222,0.8692449667909407,29.628982025481783,1.3376160263400018e-05,6.12347017908897e-08,15.664506371404773,13.514452441845497,10.80521251243009,-5.993655782234691,8.990478730460378
199,0.03919029235839844,15.664506369160094,0.0005885969016932893,0.17583311053338258,79.87285637141498,1.728910046769296e-05,1.9774734904802362e-08,15.664506369160094,13.51445245423863,10.805198358884473,-5.993656192888908,8.99046144623757
200,0.039368629455566406,15.664506375119998,0.0009911164039975865,0.6789724313867356,47.2366027011153,1.3746786130996104e-05,-3.8047190440657625e-08,15.664506369160094,13.51445245423863,10.805184963239634,-5.993651331014136,8.990448587921092
201,0.0395660400390625,15.664506376618665,0.0010678210972471407,0.9307581298713932,21.446696409679962,7.307175303892203e-06,-9.567272943273237e-09,15.664506369160094,13.51445245423863,10.80517938637096,-5.993644308926896,8.990446566757635
202,0.03974032402038574,15.664506370647942,0.0007092404884788616,0.8871280983347741,27.48544567732627,1.0228430736518992e-05,3.81162510931549e-08,15.664506369160094,13.51445245423863,10.805183819016149,-5.993639097839795,8.990455368198798
203,0.039913177490234375,15.664506367890084,0.0004585800731751092,0.25534094502268334,75.20621132219074,1.3861288730753524e-05,1.760577624828807e-08,15.664506367890084,13.514452461250501,10.805194900743887,-5.993638316804899,8.99046920746575
204,0.04008364677429199,15.664506371490198,0.0007711046146459689,0.5999478532426067,53.13383699926438,1.1576546728144017e-05,-2.298262007210618e-08,15.664506367890084,13.514452461250501,10.805206064149376,-5.993641958826102,8.990480196192506
205,0.040254831314086914,15.664506373037481,0.0008708719762673391,0.9247776325341517,22.36515226550431,6.239746030823549e-06,-9.877637722933979e-09,15.664506367890084,13.514452461250501,10.80521135368574,-5.993647646908906,8.990482761371748
206,0.04044032096862793,15.664506369409077,0.0006090968729616342,0.9003240638015418,25.799303275982655,7.798672701503087e-06,2.3163221089256495e-08,15.664506367890084,13.514452461250501,10.805208537525779,-5.993652135830707,8.990476384156292
207,0.04061174392700195,15.664506367164574,0.0003639985336099691,0.3491653574332706,69.56372685030915,1.1062291002928506e-05,1.4328592277312737e-08,15.664506367164574,13.514452465256127,10.805199924989095,-5.993653134970774,8.990465367078578
208,0.040781497955322266,15.664506369263483,0.0005972336245665524,0.5111200027015331,59.261538607117636,9.694609135007084e-06,-1.3399142248459568e-08,15.664506367164574,13.514452465256127,10.805190682969352,-5.993650444276837,8.990456053346113
209,0.04095029830932617,15.66450637061158,0.0007069013913847697,0.9166919731711497,23.552836005135543,5.379206779716228e-06,-8.606059543576083e-09,15.664506367164574,13.514452465256127,10.805185798018394,-5.993645860515323,8.990453238209179
210,0.04111933708190918,15.664506368466252,0.0005201238796355624,0.9099913143052544,24.495848742306574,5.937067794062493e-06,1.3695468088612335e-08,15.664506367164574,13.514452465256127,10.805187437773988,-5.993642022299263,8.990457767764507
211,0.041289329528808594,15.664506366741179,0.000295103359847318,0.44785647624730174,63.39375935745648,8.78820794486947e-06,1.1012625465935262e-08,15.664506366741179,13.514452467593738,10.805194077494493,-5.993640914975433,8.990466485931334
212,0.04147529602050781,15.664506367911066,0.0004606037318026517,0.4192834134987105,65.2106453445904,8.075211963800722e-06,-7.468395561004287e-09,15.664506366741179,13.514452467593738,10.805201680836735,-5.993642869396261,8.990474321062953
213,0.04164433479309082,15.66450636898496,0.000571166909134115,0.9059728187817165,25.045374248433404,4.657843329026655e-06,-6.855581333514764e-09,15.664506366741179,13.514452467593738,10.805206100875786,-5.993646543699447,8.990477183754095
214,0.041811466217041016,15.664506367757605,0.00044161543968649844,0.9169283603497412,23.518918650121737,4.522586707366193e-06,7.835256275221526e-09,15.664506366741179,13.514452467593738,10.805205300476226,-5.993649803337626,8.990474048702346
215,0.04197812080383301,15.66450636648542,0.0002442595224829396,0.5421185434554435,57.17202594159442,6.9499296590704345e-06,8.121455488630685e-09,15.66450636648542,13.514452469005816,10.80520022706495,-5.993650941310541,8.99046719257079
216,0.04214644432067871,15.664506367097932,0.00035387550944998965,0.3335009782857276,70.51859103488896,6.6915260464040365e-06,-3.910194760630589e-09,15.66450636648542,13.514452469005816,10.805194010007037,-5.993649551874413,8.990460646886099
217,0.042314767837524414,15.664506367905057,0.00045938777267475855,0.8919107785832512,26.885654747698933,4.035420956800304e-06,-5.152572411540744e-09,15.66450636648542,13.514452469005816,10.805190075632593,-5.9936466227954925,8.990457871076492
218,0.042517662048339844,15.664506367231969,0.0003728487345498613,0.92168773875505,22.825921563464405,3.457332933566889e-06,4.296900495890721e-09,15.66450636648542,13.514452469005816,10.805190292203868,-5.993643871903156,8.990459965292901
219,0.04268765449523926,15.664506366323668,0.0002057401778517695,0.6253888615052463,51.289265451657215,5.471302315539353e-06,5.798465452297266e-09,15.664506366323668,13.514452469898867,10.805194130088642,-5.993642756232266,8.990465321637503
220,0.04285764694213867,15.66450636661382,0.0002710309325969985,0.26243902191959456,74.78516557058049,5.5172424907581835e-06,-1.852288835148098e-09,15.664506366323668,13.514452469898867,10.805199183219546,-5.993643716286353,8.990470754708536
221,0.043027400970458984,15.664506367195058,0.0003678221412409382,0.873561317159392,29.1248374137174,3.4891062162243387e-06,-3.7105425163303298e-09,15.664506366323668,13.514452469898867,10.805202638199948,-5.993646037804717,8.990473359399434
222,0.043195486068725586,15.664506366847132,0.000313068456500298,0.9246339871929983,22.38677204767191,2.6624371897788432e-06,2.2211113723810945e-09,15.664506366323668,13.514452469898867,10.805202813831322,-5.993648345684026,8.990472031896182
223,0.0433650016784668,15.664506366215974,0.00017549567646803118,0.6946384349915372,46.00158784883541,4.287993383459728e-06,4.029219522315142e-09,15.664506366215974,13.514452470493454,10.80519994381608,-5.9936494045066135,8.990467876684757
224,0.043552398681640625,15.664506366328334,0.0002071643010976935,0.21253653221974672,77.72895893085942,4.5269438466249085e-06,-7.172897538917242e-10,15.664506366215974,13.514452470493454,10.80519586114513,-5.9936487671416145,8.990463394833974
225,0.04372262954711914,15.664506366732706,0.00029318725171392947,0.8497362648435486,31.817004325782502,3.0057606241676066e-06,-2.5814515811818376e-09,15.664506366215974,13.514452470493454,10.805192861935224,-5.993646938453204,8.990461009357999
226,0.04389166831970215,15.664506366568958,0.00026147584576391875,0.9259943779823682,22.181220460636677,2.074224711462469e-06,1.045344949505411e-09,15.664506366215974,13.514452470493454,10.8051924359277,-5.993645013079673,8.990461780943976
227,0.04405999183654785,15.664506366140744,0.00015083773849146892,0.7498940374375022,41.41880007894696,3.3458297413574327e-06,2.7336572168672526e-09,15.664506366140744,13.514452470908811,10.8051945532897,-5.993644032048339,8.990464979717832
228,0.04422926902770996,15.664506366161431,0.00015828793099667579,0.18728220329715636,79.20578100132502,3.6968334482456977e-06,-1.320657751231268e-10,15.664506366140744,13.514452470908811,10.805197832151686,-5.993644430086956,8.990468655060374
229,0.0444035530090332,15.664506366434457,0.0002326592522876567,0.8190046824148918,35.014717594023175,2.577585920814716e-06,-1.742959783307383e-09,15.664506366140744,13.514452470908811,10.805200409737205,-5.993645861069254,8.990470798944429
230,0.0445859432220459,15.664506366370333,0.0002172636724484527,0.9258852205151394,22.197780536232624,1.6413782657533804e-06,4.0936307883224834e-10,15.664506366140744,13.514452470908811,10.805200982778185,-5.993647458710425,8.99047042255992
231,0.04475569725036621,15.664506366086155,0.00013007306534660896,0.7928328961955028,37.54895622353321,2.5996223877951285e-06,1.8141523761238125e-09,15.664506366086155,13.514452471210204,10.805199446021684,-5.993648350883415,8.990467980826127
232,0.04494524002075195,15.664506366064566,0.00012117816448057804,0.18770994147777667,79.18083092786769,3.0049689215272063e-06,1.3781516100609248e-10,15.664506366064566,13.514452471329394,10.805196828749938,-5.993648127511924,8.990464984170758
233,0.04510974884033203,15.664506366243868,0.00018381217255631821,0.7798446348265959,38.753647485734305,2.1992642935964783e-06,-1.1446380911422807e-09,15.664506366064566,13.514452471329394,10.805194633189041,-5.9936470157832655,8.990463086587342
234,0.0452728271484375,15.664506366230171,0.00017962658380902633,0.9243293831375019,22.43255201650662,1.322766245895377e-06,8.744282946657449e-11,15.664506366064566,13.514452471329394,10.805193986976189,-5.9936456969974135,8.990463189127176
235,0.0454561710357666,15.66450636604555,0.00011217881170531688,0.8257152857757573,34.338922536810735,2.011806757402618e-06,1.1785900858679766e-09,15.66450636604555,13.514452471434382,10.805195079776963,-5.993644897735255,8.99046503535209
236,0.045619964599609375,15.664506366008625,9.323055047013554e-05,0.21291673880111636,77.7066644158894,2.4314876575778064e-06,2.35724821183335e-10,15.664506366008625,13.51445247163825,10.805197155840704,-5.993644996171053,8.990467464846404
237,0.04578256607055664,15.664506366123211,0.00014458806593708472,0.7309388211972039,43.034843412482246,1.8666497860995194e-06,-7.314987884393155e-10,15.664506366008625,13.51445247163825,10.805199010982685,-5.993645853023134,8.99046912321486
238,0.045944929122924805,15.664506366132374,0.000147791095634616,0.9212619478900658,22.888727052810076,1.0860485137182972e-06,-5.849177984594286e-11,15.664506366008625,13.51445247163825,10.805199678885762,-5.993646936070123,8.99046920390311
239,0.04610800743103027,15.664506366014965,9.654503366482541e-05,0.8506931179925723,31.712863077578376,1.5513954438499685e-06,7.49518066869975e-10,15.664506366008625,13.51445247163825,10.805198922189446,-5.993647643209864,8.990467823040623
240,0.046270132064819336,15.664506365976356,7.234716396519998e-05,0.26025509651954476,74.91480079674054,1.9586434181626836e-06,2.4647515218308516e-10,15.664506365976356,13.514452471816412,10.805197286204825,-5.993647631811566,8.990465864430371
241,0.04644775390625,15.664506366047538,0.00011324772236087266,0.6717795329677635,47.795440978724834,1.5759782323376985e-06,-4.5441694494156575e-10,15.664506365976356,13.514452471816412,10.805195730283152,-5.993646977277409,8.99046443080126
242,0.046610355377197266,15.664506366064872,0.00012102402935107516,0.9165290155675753,23.57619072604143,9.066417290519122e-07,-1.1065583321819845e-10,15.664506365976356,13.514452471816412,10.805195075383827,-5.993646092324231,8.990464233679225
243,0.046796321868896484,15.664506365991851,8.280233784085449e-05,0.8695714166830416,29.59112650649182,1.1929222062633706e-06,4.661538569476788e-10,15.664506365976356,13.514452471816412,10.80519558050321,-5.993645473315461,8.990465253429946
244,0.04696774482727051,15.664506365957667,5.68374640013996e-05,0.3252422525694472,71.01974757092201,1.5707730322844136e-06,2.1822718328126474e-10,15.664506365957667,13.514452471919597,10.805196860768184,-5.993645426244749,8.990466823497545
245,0.04714179039001465,15.66450636600052,8.83340531231239e-05,0.6034059496129468,52.885777742018355,1.3236267412961458e-06,-2.735664399027603e-10,15.664506365957667,13.514452471919597,10.805198156736509,-5.993645921153612,8.990468051118402
246,0.047315120697021484,15.664506366018767,9.864849750083306e-05,0.9098780970161019,24.51148912620377,7.667283452791776e-07,-1.1648459918228597e-10,15.664506365957667,13.514452471919597,10.805198776384255,-5.993646640595374,8.990468316214434
247,0.04750490188598633,15.664506365974441,7.0711651329358e-05,0.8837485681244025,27.902089084422208,9.15587785922536e-07,2.8296730952026825e-10,15.664506365957667,13.514452471919597,10.805198457070384,-5.993647177456128,8.990467574539624
248,0.04767489433288574,15.664506365946716,4.534569728834569e-05,0.40163934395843875,66.31929814101761,1.2542007231862684e-06,1.7699490109425098e-10,15.664506365946716,13.514452471980059,10.805197462617144,-5.993647261729168,8.990466323173367
249,0.04784369468688965,15.664506365971572,6.863221520388029e-05,0.5290633566070628,58.057808571411435,1.1059921659978117e-06,-1.586807823562428e-10,15.664506365946716,13.514452471980059,10.805196390216242,-5.993646891944789,8.990465280830724
250,0.04801201820373535,15.664506365987588,8.004649044547592e-05,0.9009437554816059,25.717601693069735,6.540400166184115e-07,-1.0224154460956298e-10,15.664506365946716,13.514452471980059,10.80519581899355,-5.993646310039221,8.99046498224363
251,0.04818010330200195,15.664506365961417,6.01009211264374e-05,0.894270153317402,26.585163354896878,7.024657007954352e-07,1.6707239094178697e-10,15.664506365946716,13.514452471980059,10.805196003269195,-5.993645848239541,8.990465511582006
252,0.048348426818847656,15.664506365940168,3.679588367418439e-05,0.4822501633578397,61.167532859535065,9.970925425172686e-07,1.356492187910809e-10,15.664506365940168,13.514452472016211,10.805196769474705,-5.9936457423546505,8.990466503036457
253,0.04853558540344238,15.664506365953915,5.3135927901788695e-05,0.45415887512235503,62.98917217428309,9.195272526993439e-07,-8.776034979314487e-11,15.664506365940168,13.514452472016211,10.805197651324017,-5.993646014748597,8.990467381291491
254,0.04870438575744629,15.664506365966714,6.466395677629002e-05,0.8892266239361353,27.22377488425506,5.605271781748827e-07,-8.170478359724175e-11,15.664506365940168,13.514452472016211,10.80519816744875,-5.993646482967401,8.990467689450329
255,0.04887509346008301,15.664506365951766,5.083042309403478e-05,0.9018928378311107,25.592001370809957,5.398437349137934e-07,9.542619763639523e-11,15.664506365940168,13.514452472016211,10.805198079365054,-5.993646877264921,8.990467320721805
256,0.049045562744140625,15.664506365936132,3.0353964414911733e-05,0.5602977936391096,55.92360534189956,7.892996597815554e-07,9.980344211511773e-11,15.664506365936132,13.514452472038494,10.805197494295465,-5.99364699354641,8.990466540034564
257,0.04921388626098633,15.664506365943241,4.101592902344586e-05,0.38534984782668824,67.33453904197083,7.607781248279466e-07,-4.5382726433939304e-11,15.664506365936132,13.514452472038494,10.805196773545664,-5.993646796368946,8.99046580525269
258,0.04938197135925293,15.66450636595287,5.2008831254804825e-05,0.874074259275694,29.064396856385553,4.810866090666898e-07,-6.146286288651659e-11,15.664506365936132,13.514452472038494,10.805196314654417,-5.9936464216397916,8.990465503553525
259,0.04957127571105957,15.664506365944689,4.2775248765673984e-05,0.9071516729138224,24.885345463623175,4.166418891772428e-07,5.222075343030165e-11,15.664506365936132,13.514452472038494,10.8051963359784,-5.993646087255586,8.99046575210466
260,0.04974055290222168,15.664506365933553,2.5395884994356014e-05,0.6308016074076208,50.89071153154412,6.221808472598074e-07,7.109053273718392e-11,15.664506365933553,13.514452472052735,10.80519677823686,-5.993645968449746,8.990466362837154
261,0.049928903579711914,15.664506365936843,3.159240202376616e-05,0.32903732681960424,70.78964442947421,6.264496669620999e-07,-2.100170148817327e-11,15.664506365933553,13.514452472052735,10.805197363799634,-5.993646108038498,8.990466973536888
262,0.050150156021118164,15.664506365943774,4.164978673640741e-05,0.854666951657146,31.277039504421204,4.125381647452915e-07,-4.424872527366895e-11,15.664506365933553,13.514452472052735,10.805197766390824,-5.993646406277767,8.99046725856509
263,0.05032181739807129,15.664506365939559,3.581786401044275e-05,0.9104094624323773,24.438002336449735,3.2393013476005926e-07,2.6909847533154782e-11,15.664506365933553,13.514452472052735,10.805197789776152,-5.993646688072484,8.990467098807557
264,0.050513505935668945,15.664506365931837,2.147473088006073e-05,0.6911476467745048,46.27897615216997,4.884337937014939e-07,4.929503043685433e-11,15.664506365931837,13.514452472062208,10.80519745933638,-5.993646804057838,8.990466624344736
265,0.050682783126831055,15.66450636593304,2.4310726930956865e-05,0.29013236406541404,73.13411936924217,5.134495296241562e-07,-7.677187855018823e-12,15.664506365931837,13.514452472062208,10.805196986430774,-5.993646708127635,8.990466119936354
266,0.050855398178100586,15.664506365937852,3.3211788738795276e-05,0.830032854852016,33.89788686163909,3.528766181297016e-07,-3.072009143167562e-11,15.664506365931837,13.514452472062208,10.805196637230786,-5.99364647215291,8.990465857566697
267,0.05102658271789551,15.664506365935877,2.984534098438645e-05,0.9118946288960292,24.231497554448136,2.5452536179271055e-07,1.261009290218265e-11,15.664506365931837,13.514452472062208,10.80519658543952,-5.99364623607706,8.990465952705296
268,0.05120658874511719,15.664506365930652,1.8284349914413162e-05,0.740809694785919,42.199565111280585,3.8192560758446986e-07,3.335097412349267e-11,15.664506365930652,13.51445247206875,10.805196828973038,-5.993646126369007,8.990466318534919
269,0.051377296447753906,15.66450636593079,1.8720285248743354e-05,0.2715079068011081,74.24598419148154,4.189253641100045e-07,-8.845209050096212e-13,15.664506365930652,13.51445247206875,10.805197208611606,-5.993646189578323,8.990466732664178
270,0.051564931869506836,15.664506365934034,2.637195225817934e-05,0.79911450881513,36.954372824166775,3.007832852420925e-07,-2.0706861186507104e-11,15.664506365930652,13.51445247206875,10.805197508508872,-5.9936463751266436,8.99046696939695
271,0.051734209060668945,15.664506365933265,2.474943621200763e-05,0.9117252882828016,24.255126899060468,2.0267532440490323e-07,4.910225023962607e-12,15.664506365930652,13.51445247206875,10.805197576841593,-5.993646571793172,8.990466920411608
272,0.05190300941467285,15.664506365929807,1.562265293112218e-05,0.7805916575789051,38.68522102453408,2.9753889076972737e-07,2.2079002590428786e-11,15.664506365929807,13.514452472073419,10.805197400310053,-5.993646673157094,8.990466640671109
273,0.052071332931518555,15.66450636592947,1.4456358249953576e-05,0.27405431214213916,74.09433472388663,3.402836434427947e-07,2.1546022045107324e-12,15.66450636592947,13.51445247207528,10.805197097401432,-5.993646634139802,8.990466302631749
274,0.05224728584289551,15.664506365931592,2.085426276707837e-05,0.7609386608295784,40.452981825517504,2.553210662618544e-07,-1.3551313865212529e-11,15.66450636592947,13.51445247207528,10.805196842111387,-5.993646489218954,8.990466092425196
275,0.05241560935974121,15.664506365931434,2.0427271702560122e-05,0.9099241036334658,24.50513467929242,1.63818396846496e-07,1.0092610326391227e-12,15.66450636592947,13.51445247207528,10.805196765702988,-5.99364632626476,8.99046610922989
276,0.05258822441101074,15.664506365929192,1.3359353918938215e-05,0.8119024489278506,35.71777554670734,2.3102706281244953e-07,1.431109464259085e-11,15.664506365929192,13.51445247207681,10.805196891035818,-5.993646234306609,8.990466321166679
277,0.05275416374206543,15.664506365928695,1.122457822382108e-05,0.2969011063126934,72.72842889777554,2.751975202793931e-07,3.1752032487527824e-12,15.664506365928695,13.514452472079558,10.805197131203622,-5.993646255731977,8.9904665955289
278,0.05291891098022461,15.664506365930045,1.6424615099516972e-05,0.7149195165160436,44.363396362865636,2.1576060915257883e-07,-8.61840881804354e-12,15.664506365928695,13.514452472079558,10.80519734678951,-5.9936463680942715,8.990466779722698
279,0.05308270454406738,15.664506365930162,1.678248893718002e-05,0.9064244323369461,24.984181321116868,1.3440529575654426e-07,-7.484407657774008e-13,15.664506365928695,13.514452472079558,10.80519742538505,-5.993646502409615,8.990466784639198
280,0.053246498107910156,15.664506365928741,1.141073826280933e-05,0.836256140046148,33.25313647308733,1.78886199497481e-07,9.072009282150246e-12,15.664506365928695,13.514452472079558,10.805197338785012,-5.993646584610881,8.990466625758033
281,0.053414344787597656,15.66450636592824,8.788044366626348e-06,0.3375679737292389,70.27122902219374,2.216035179931471e-07,3.1978832719582517e-12,15.66450636592824,13.514452472082066,10.805197149612727,-5.993646575712867,8.990466404333228
282,0.0535893440246582,15.664506365929073,1.2885709621413339e-05,0.6613039124718745,48.60060746032266,1.8148369506643617e-07,-5.318465441661234e-12,15.66450636592824,13.514452472082066,10.805196968891991,-5.993646489298765,8.990466244743333
283,0.05375337600708008,15.664506365929286,1.3726015388080716e-05,0.901070139611702,25.70090920835016,1.1175319052850382e-07,-1.3608013923226314e-12,15.66450636592824,13.514452472082066,10.8051968920654,-5.993646379156373,8.990466225837539
284,0.05391669273376465,15.664506365928407,9.721841908384812e-06,0.8550202147057557,31.238031911108276,1.382394962163388e-07,5.613305743330778e-12,15.66450636592824,13.514452472082066,10.805196949698386,-5.993646306576069,8.990466343490663
285,0.05407905578613281,15.66450636592797,6.9567786115361656e-06,0.3920904280008572,66.91536538084911,1.7769080175383353e-07,2.7896428542615128e-12,15.66450636592797,13.514452472083557,10.805197097667898,-5.993646306795927,8.990466521181329
286,0.0542449951171875,15.66450636592847,1.0072350870488626e-05,0.6016382261424078,53.01268272907151,1.5193561610988913e-07,-3.1865432603557198e-12,15.66450636592797,13.514452472083557,10.805197248123234,-5.993646372649773,8.990466658103578
287,0.05443096160888672,15.66450636592869,1.1176682682212259e-05,0.8936098101460399,26.669581125130414,9.390663707653353e-08,-1.40616143873344e-12,15.66450636592797,13.514452472083557,10.805197320655216,-5.993646462511215,8.990466685368533
288,0.05460190773010254,15.664506365928158,8.25474535704466e-06,0.869321374672349,29.620125619952205,1.0673665787781038e-07,3.3906634692039733e-12,15.66450636592797,13.514452472083557,10.805197284394884,-5.993646525926084,8.990466599512441
289,0.05476975440979004,15.66450636592781,5.5795188745636676e-06,0.455355462328273,62.912192368600984,1.418851748889007e-07,2.2226422741270942e-12,15.66450636592781,13.51445247208444,10.805197169517006,-5.993646531491017,8.99046645773644
290,0.05493640899658203,15.664506365928094,7.84701786329721e-06,0.5390314089953776,57.38227302533673,1.266028669697921e-07,-1.8144018564303216e-12,15.66450636592781,13.51445247208444,10.80519704507219,-5.993646481828256,8.990466341280886
291,0.05512380599975586,15.66450636592829,9.06140769607935e-06,0.8836876987758875,27.909540818238515,7.949323849918578e-08,-1.2474012762958235e-12,15.66450636592781,13.51445247208444,10.805196978318232,-5.993646408885648,8.99046630968103
292,0.05529522895812988,15.664506365927977,6.981363045326758e-06,0.880039574047688,28.352862415091312,8.246572366745085e-08,1.9958420420732927e-12,15.66450636592781,13.51445247208444,10.805196999064623,-5.9936463539849,8.990466371215602
293,0.05548906326293945,15.664506365927712,4.537421236746753e-06,0.521818582926799,58.545682313576776,1.1282972622505819e-07,1.6896617288007189e-12,15.664506365927712,13.514452472084981,10.805197087526885,-5.99364634478187,8.990466483669376
294,0.05566143989562988,15.664506365927867,6.095876248620864e-06,0.47794337131339515,61.448833712311426,1.0500543368692396e-07,-9.865810094339935e-13,15.664506365927712,13.514452472084981,10.805197189816123,-5.993646381778248,8.990466581941494
295,0.0558314323425293,15.66450636592802,7.315165050497206e-06,0.870833986419236,29.444300809297857,6.758100324628996e-08,-9.752409978312944e-13,15.664506365927712,13.514452472084981,10.805197250053604,-5.993646440683686,8.990466615067637
296,0.0560002326965332,15.664506365927844,5.879230052994622e-06,0.8878353423494542,27.397515183723783,6.387745967977292e-08,1.1226611486662464e-12,15.664506365927712,13.514452472084981,10.805197240341135,-5.993646487827466,8.990466571965504
297,0.05617189407348633,15.66450636592765,3.7391225421903543e-06,0.5864563257814783,54.09406048749235,8.936400241262519e-08,1.2360612646931539e-12,15.66450636592765,13.514452472085322,10.805197172833157,-5.993646499100827,8.990466483315426
298,0.05634188652038574,15.664506365927728,4.725189742829168e-06,0.42345994147917204,64.94677840038673,8.669514419250322e-08,-4.989605105183435e-13,15.66450636592765,13.514452472085322,10.805197089264478,-5.9936464719424345,8.990466400983964
299,0.05653643608093262,15.664506365927844,5.880678978939627e-06,0.8544608012373328,31.29978261372859,5.7550578284840625e-08,-7.371007541748219e-13,15.66450636592765,13.514452472085322,10.80519703576265,-5.993646424621889,8.990466368229804
300,0.05670619010925293,15.664506365927746,4.92916750809361e-06,0.8931867969024553,26.723528926923727,4.972076097574019e-08,6.237006381479217e-13,15.66450636592765,13.514452472085322,10.805197037833128,-5.9936463844361,8.990466397508746
301,0.056879281997680664,15.664506365927611,3.1164152060523465e-06,0.6455689733431185,49.79165145055685,7.050261945253442e-08,8.618408818044062e-13,15.664506365927611,13.514452472085539,10.805197088827734,-5.993646372214972,8.990466466944063
302,0.05704832077026367,15.664506365927645,3.6581547681474826e-06,0.3803218933987814,67.6463771026537,7.125683657388359e-08,-2.154602204511034e-13,15.664506365927611,13.514452472085539,10.80519715669505,-5.993646391792578,8.99046653545869
303,0.05721688270568848,15.664506365927727,4.707986369726219e-06,0.8338739113722099,33.50123641184754,4.899267313701504e-08,-5.216405337237229e-13,15.664506365927611,13.514452472085539,10.805197203592003,-5.993646429601442,8.990466566615902
304,0.05738663673400879,15.664506365927679,4.114072211879036e-06,0.8964228439720274,26.30822148741728,3.8988668165669235e-08,3.061803132726184e-13,15.664506365927611,13.514452472085539,10.80519720662444,-5.993646463625794,8.990466547577528
305,0.057573795318603516,15.664506365927583,2.620046869702997e-06,0.6970916775881792,45.80586788416055,5.541447087185288e-08,6.123606265452386e-13,15.664506365927583,13.514452472085697,10.805197168553482,-5.99364647601131,8.990466493564913
306,0.05774378776550293,15.664506365927595,2.8321302066492275e-06,0.3521312076094721,69.38227518164393,5.8309764749856955e-08,-7.938008121882771e-14,15.664506365927583,13.514452472085697,10.805197113764562,-5.993646462223457,8.990466436908724
307,0.05791616439819336,15.664506365927652,3.753869873682799e-06,0.8083180451187265,36.068076109694154,4.163271279129773e-08,-3.628803712860693e-13,15.664506365927583,13.514452472085697,10.805197073117258,-5.9936464321842635,8.990466408082874
308,0.05810832977294922,15.664506365927629,3.418331927908393e-06,0.8977496849531797,26.136168000285913,3.0874136386803054e-08,1.474201508349651e-13,15.664506365927583,13.514452472085697,10.805197066857376,-5.993646403556643,8.99046641964452
309,0.0582730770111084,15.664506365927565,2.2155656534085094e-06,0.7404047489298058,42.23409461140527,4.340290883804033e-08,4.0824041769682705e-13,15.664506365927565,13.514452472085795,10.805197094889028,-5.993646391534437,8.990466461349184
310,0.0584566593170166,15.664506365927565,2.1962392281889314e-06,0.34095401979287343,70.06499123618264,4.7508584921773346e-08,0.0,15.664506365927565,13.514452472085795,10.80519713885537,-5.993646400945063,8.990466507916402
311,0.0586240291595459,15.664506365927602,2.9812464076853837e-06,0.777078896862417,39.006105420199745,3.527958315899655e-08,-2.3814024365648343e-13,15.664506365927565,13.514452472085795,10.805197173741165,-5.993646424669854,8.990466534027382
312,0.05878853797912598,15.664506365927593,2.827581386529457e-06,0.8972691801131408,26.198597056128925,2.473488691544372e-08,5.6700058013448295e-14,15.664506365927565,13.514452472085795,10.805197181865278,-5.9936464486152,8.990466527827783
313,0.058951377868652344,15.664506365927553,1.8794580721219144e-06,0.7758729394170274,39.115756562814056,3.3887440362096664e-08,2.608202668618623e-13,15.664506365927553,13.514452472085864,10.805197161569417,-5.99364645993673,8.990466495887501
314,0.05911588668823242,15.664506365927545,1.7093174776433205e-06,0.3472617129932753,69.68007957623536,3.854341602384108e-08,4.536004641075878e-14,15.664506365927545,13.514452472085903,10.805197126502955,-5.99364645379655,8.99046645783631
315,0.0592806339263916,15.664506365927572,2.358525294448423e-06,0.7396671462456638,42.29693074614325,2.9792685925820127e-08,-1.701001740403455e-13,15.664506365927545,13.514452472085903,10.805197096823168,-5.993646435177148,8.99046643457858
316,0.0594637393951416,15.66450636592757,2.3286141485508777e-06,0.8949902741610138,26.492819426175757,2.0065908782318425e-08,1.1340011602689681e-14,15.664506365927545,13.514452472085903,10.805197087806048,-5.993646415260231,8.9904664370193
317,0.05962872505187988,15.664506365927542,1.5958748709765775e-06,0.8043735342816815,36.4502026143957,2.6387031481822248e-08,1.8144018564303492e-13,15.664506365927542,13.514452472085923,10.805197102194263,-5.993646404837174,8.99046646126049
318,0.059793710708618164,15.664506365927537,1.3381788672260096e-06,0.37002304251173396,68.28296161870861,3.113905175685035e-08,3.402003480806911e-14,15.664506365927537,13.514452472085953,10.805197129986384,-5.993646408568021,8.990466492175234
319,0.0599825382232666,15.664506365927553,1.8589782119620456e-06,0.6960899784385534,45.88586183788978,2.5061851205246683e-08,-1.0206010442420738e-13,15.664506365927537,13.514452472085953,10.805197155037249,-5.993646423081114,8.990466512607231
320,0.06015372276306152,15.664506365927554,1.9093637311473665e-06,0.890834151823057,27.021746120887517,1.647752274795839e-08,-1.1340011602689695e-14,15.664506365927537,13.514452472085953,10.805197164273167,-5.9936464395582325,8.990466512722675
321,0.060323238372802734,15.664506365927537,1.3540916187300003e-06,0.8269471069398204,34.21360257192625,2.050516271671256e-08,1.1340011602689694e-13,15.664506365927537,13.514452472085953,10.805197154351173,-5.993646448985472,8.990466494513093
322,0.06051325798034668,15.66450636592753,1.056178552480768e-06,0.40684563929751927,65.99316378913714,2.5053411871322568e-08,4.536004641075883e-14,15.66450636592753,13.514452472085992,10.805197132469287,-5.993646446999155,8.990466469538546
323,0.06068158149719238,15.664506365927538,1.4601335390150672e-06,0.647170642971355,49.67138140950938,2.0995586381281305e-08,-5.6700058013448567e-14,15.66450636592753,13.514452472085992,10.805197111479622,-5.993646435771068,8.9904664517975
324,0.060849666595458984,15.664506365927542,1.558895340450114e-06,0.884634959825041,27.793367241569637,1.3676492274428247e-08,-2.268002320537941e-14,15.66450636592753,13.514452472085992,10.805197102476576,-5.993646422210934,8.990466450017276
325,0.06101846694946289,15.664506365927533,1.146687282961052e-06,0.8445931776688552,32.37162560257104,1.5916592889707243e-08,5.6700058013448516e-14,15.66450636592753,13.514452472085992,10.805197109061039,-5.993646413806279,8.990466463533922
326,0.0611879825592041,15.664506365927526,8.420480649749275e-07,0.4542082322483982,62.98599793564904,2.00754401105659e-08,4.536004641075884e-14,15.664506365927526,13.514452472086012,10.805197126169489,-5.993646414556877,8.990466483595325
327,0.06135678291320801,15.664506365927531,1.1432112272284887e-06,0.594801793843185,53.501496278099616,1.7514522597681497e-08,-3.402003480806914e-14,15.664506365927526,13.514452472086012,10.805197143636374,-5.993646423171659,8.99046649884472
