iteration,timestamp,function_value,gradient_norm,gradient_cosine_similarity,gradient_angle,step_size,improvement,best_so_far,relative_improvement,distance_to_minimum,x1,x2,x3,x4,x5,x6,x7,x8
0,0.0005972385406494141,71.41622592798691,205.45755271026832,0.0,0.0,0.0,0.0,71.41622592798691,0.0,2.911740943587981,0.15886275707696054,-0.041055138397381244,0.18282926477712988,0.5142463544162329,0.06609215652623467,-0.40361421357919386,-0.06233282438421299,-0.34623003042599004
1,0.0009019374847412109,146.95163731790277,402.47059216197925,-0.6715061803503906,132.1834192202711,2.0546559056710803,-105.7678565457695,71.41622592798691,0.0,2.599789446750268,0.13342369494644052,0.08249660994819766,0.1886297494050447,-0.845697764232812,0.3736276876010546,0.8041406239347528,0.496849805706361,0.35397136533872103
2,0.0010516643524169922,3697.52362147529,4644.392688359197,-0.8102209644715201,144.11752586244884,4.024703185164745,-2416.149999388152,71.41622592798691,0.0,3.4696842423857697,0.18517761256850918,0.03160373817715888,-0.8236874323098317,2.1092884080664303,2.0623980193498683,-1.0029036281899242,1.0193589308965034,0.13980350366187533
3,0.001192331314086914,199352322.35102686,19885059.773283668,-0.914837264559219,156.18262702544564,46.44378278209237,-5391409.095254582,71.41622592798691,0.0,44.74187716177714,0.19938388711448116,-0.04785171751112778,-3.852219962057092,-20.911561304402497,-36.54836211098754,9.495404946144001,-2.6747855359258756,1.9383944100510635
4,0.0013306140899658203,1.4426474305843856e+23,2.9572306814703734e+18,-0.9814989970098236,168.96157469296926,198850.597806197,-7.236672307454323e+16,71.41622592798691,0.0,198809.37621619945,0.14561948168467745,0.8861750420814697,554.8392220112427,39686.11284447274,194806.41017007036,-864.2184472613982,238.88146010634924,12.370538509390542
5,0.0015094280242919922,7.646782589249093e+67,1.034353638893029e+52,-0.9999642736014385,179.51567872973314,2.9572306814703732e+16,-5.300520714303386e+46,71.41622592798691,0.0,2.95723068145086e+16,0.6664367783936517,1963.113662974136,-595144304.9056621,-249989609969118.47,-2.9571250151459264e+16,78480097496.04065,-53021139.10729291,114116.3334220822
6,0.0016546249389648438,1.1446591562898774e+202,4.426567909656535e+152,-0.9999999999998176,179.99996539319332,1.034353638893029e+50,-1.4969160466248876e+136,71.41622592798691,0.0,1.034353638893029e+50,5232.653790118521,-4703605577124.573,8.437878187960662e+26,6.249220780072216e+43,1.0343536388928402e+50,-1.8455747160314428e+32,6.085390926523295e+23,5622482384355695.0
7,0.0018291473388671875,inf,inf,,,4.4265679096565344e+150,-inf,71.41622592798691,0.0,4.4265679096565344e+150,-9.844993129562525e+16,-1.5459131861813635e+40,-2.4030330600011484e+81,-9.76197286195736e+131,-4.4265679096565344e+150,2.1422894193803637e+100,-9.014162986285318e+71,7.406396545722409e+47
8,0.0019979476928710938,,,,,inf,,,,inf,6.08780569560237e+57,1.6337320731407483e+122,5.55059101631349e+244,inf,inf,-1.3831923053657593e+299,2.92978809777265e+216,1.6251026868663248e+144
9,0.002165079116821289,,,,,,,,,,3.978336465491929e+180,inf,,,,inf,,inf
10,0.0023088455200195312,,,,,,,,,,,,,,,,,
11,0.0024814605712890625,,,,,,,,,,,,,,,,,
12,0.0026695728302001953,,,,,,,,,,,,,,,,,
13,0.002817869186401367,,,,,,,,,,,,,,,,,
14,0.0029523372650146484,,,,,,,,,,,,,,,,,
15,0.003087759017944336,,,,,,,,,,,,,,,,,
16,0.003229379653930664,,,,,,,,,,,,,,,,,
17,0.0035696029663085938,,,,,,,,,,,,,,,,,
18,0.004195213317871094,,,,,,,,,,,,,,,,,
19,0.0045125484466552734,,,,,,,,,,,,,,,,,
20,0.0051190853118896484,,,,,,,,,,,,,,,,,
21,0.005406856536865234,,,,,,,,,,,,,,,,,
22,0.005711793899536133,,,,,,,,,,,,,,,,,
23,0.006014585494995117,,,,,,,,,,,,,,,,,
24,0.006298542022705078,,,,,,,,,,,,,,,,,
25,0.006667375564575195,,,,,,,,,,,,,,,,,
26,0.0069806575775146484,,,,,,,,,,,,,,,,,
27,0.007374286651611328,,,,,,,,,,,,,,,,,
28,0.00775599479675293,,,,,,,,,,,,,,,,,
29,0.008142471313476562,,,,,,,,,,,,,,,,,
30,0.008790254592895508,,,,,,,,,,,,,,,,,
31,0.009132146835327148,,,,,,,,,,,,,,,,,
32,0.009513616561889648,,,,,,,,,,,,,,,,,
33,0.010037422180175781,,,,,,,,,,,,,,,,,
34,0.010505199432373047,,,,,,,,,,,,,,,,,
35,0.011133670806884766,,,,,,,,,,,,,,,,,
36,0.011354923248291016,,,,,,,,,,,,,,,,,
37,0.01160120964050293,,,,,,,,,,,,,,,,,
38,0.011820554733276367,,,,,,,,,,,,,,,,,
39,0.012024879455566406,,,,,,,,,,,,,,,,,
40,0.012370824813842773,,,,,,,,,,,,,,,,,
41,0.01263284683227539,,,,,,,,,,,,,,,,,
42,0.012902259826660156,,,,,,,,,,,,,,,,,
43,0.013045310974121094,,,,,,,,,,,,,,,,,
44,0.013180017471313477,,,,,,,,,,,,,,,,,
45,0.013312578201293945,,,,,,,,,,,,,,,,,
46,0.01347661018371582,,,,,,,,,,,,,,,,,
47,0.01363229751586914,,,,,,,,,,,,,,,,,
48,0.013780355453491211,,,,,,,,,,,,,,,,,
49,0.01392054557800293,,,,,,,,,,,,,,,,,
50,0.014063596725463867,,,,,,,,,,,,,,,,,
51,0.014199018478393555,,,,,,,,,,,,,,,,,
52,0.014333248138427734,,,,,,,,,,,,,,,,,
53,0.0145111083984375,,,,,,,,,,,,,,,,,
54,0.014651775360107422,,,,,,,,,,,,,,,,,
55,0.014804840087890625,,,,,,,,,,,,,,,,,
56,0.014942646026611328,,,,,,,,,,,,,,,,,
57,0.015079259872436523,,,,,,,,,,,,,,,,,
58,0.01521158218383789,,,,,,,,,,,,,,,,,
59,0.015342473983764648,,,,,,,,,,,,,,,,,
60,0.01549530029296875,,,,,,,,,,,,,,,,,
61,0.015628576278686523,,,,,,,,,,,,,,,,,
62,0.015772104263305664,,,,,,,,,,,,,,,,,
63,0.015909910202026367,,,,,,,,,,,,,,,,,
64,0.0160520076751709,,,,,,,,,,,,,,,,,
65,0.01618361473083496,,,,,,,,,,,,,,,,,
66,0.01631307601928711,,,,,,,,,,,,,,,,,
67,0.016470909118652344,,,,,,,,,,,,,,,,,
68,0.016629934310913086,,,,,,,,,,,,,,,,,
69,0.016773700714111328,,,,,,,,,,,,,,,,,
70,0.016910552978515625,,,,,,,,,,,,,,,,,
71,0.017046213150024414,,,,,,,,,,,,,,,,,
72,0.017177343368530273,,,,,,,,,,,,,,,,,
73,0.017308473587036133,,,,,,,,,,,,,,,,,
74,0.01746082305908203,,,,,,,,,,,,,,,,,
75,0.01762843132019043,,,,,,,,,,,,,,,,,
76,0.017789363861083984,,,,,,,,,,,,,,,,,
77,0.017932415008544922,,,,,,,,,,,,,,,,,
78,0.018066883087158203,,,,,,,,,,,,,,,,,
79,0.018201112747192383,,,,,,,,,,,,,,,,,
80,0.01833176612854004,,,,,,,,,,,,,,,,,
81,0.018502235412597656,,,,,,,,,,,,,,,,,
82,0.018648386001586914,,,,,,,,,,,,,,,,,
83,0.01879405975341797,,,,,,,,,,,,,,,,,
84,0.018927574157714844,,,,,,,,,,,,,,,,,
85,0.019063234329223633,,,,,,,,,,,,,,,,,
86,0.01920795440673828,,,,,,,,,,,,,,,,,
87,0.019342422485351562,,,,,,,,,,,,,,,,,
88,0.01949453353881836,,,,,,,,,,,,,,,,,
89,0.01962876319885254,,,,,,,,,,,,,,,,,
90,0.01978302001953125,,,,,,,,,,,,,,,,,
91,0.019919395446777344,,,,,,,,,,,,,,,,,
92,0.020061254501342773,,,,,,,,,,,,,,,,,
93,0.020200729370117188,,,,,,,,,,,,,,,,,
94,0.02033376693725586,,,,,,,,,,,,,,,,,
95,0.020484209060668945,,,,,,,,,,,,,,,,,
96,0.02062082290649414,,,,,,,,,,,,,,,,,
97,0.02076101303100586,,,,,,,,,,,,,,,,,
98,0.020899057388305664,,,,,,,,,,,,,,,,,
99,0.021033287048339844,,,,,,,,,,,,,,,,,
100,0.02116560935974121,,,,,,,,,,,,,,,,,
101,0.021297216415405273,,,,,,,,,,,,,,,,,
102,0.021425724029541016,,,,,,,,,,,,,,,,,
103,0.021610736846923828,,,,,,,,,,,,,,,,,
104,0.021762371063232422,,,,,,,,,,,,,,,,,
105,0.02189946174621582,,,,,,,,,,,,,,,,,
106,0.022058963775634766,,,,,,,,,,,,,,,,,
107,0.02219676971435547,,,,,,,,,,,,,,,,,
108,0.0223386287689209,,,,,,,,,,,,,,,,,
109,0.022536277770996094,,,,,,,,,,,,,,,,,
110,0.022689342498779297,,,,,,,,,,,,,,,,,
111,0.022846221923828125,,,,,,,,,,,,,,,,,
112,0.022981882095336914,,,,,,,,,,,,,,,,,
113,0.02313995361328125,,,,,,,,,,,,,,,,,
114,0.02328324317932129,,,,,,,,,,,,,,,,,
115,0.023415088653564453,,,,,,,,,,,,,,,,,
116,0.023575544357299805,,,,,,,,,,,,,,,,,
117,0.023706912994384766,,,,,,,,,,,,,,,,,
118,0.023851871490478516,,,,,,,,,,,,,,,,,
119,0.023984432220458984,,,,,,,,,,,,,,,,,
120,0.024118900299072266,,,,,,,,,,,,,,,,,
121,0.024253368377685547,,,,,,,,,,,,,,,,,
122,0.024385452270507812,,,,,,,,,,,,,,,,,
123,0.02453923225402832,,,,,,,,,,,,,,,,,
124,0.024671077728271484,,,,,,,,,,,,,,,,,
125,0.024819135665893555,,,,,,,,,,,,,,,,,
126,0.02495574951171875,,,,,,,,,,,,,,,,,
127,0.025089025497436523,,,,,,,,,,,,,,,,,
128,0.025229930877685547,,,,,,,,,,,,,,,,,
129,0.02536320686340332,,,,,,,,,,,,,,,,,
130,0.025522947311401367,,,,,,,,,,,,,,,,,
131,0.02565908432006836,,,,,,,,,,,,,,,,,
132,0.02580404281616211,,,,,,,,,,,,,,,,,
133,0.025938749313354492,,,,,,,,,,,,,,,,,
134,0.026077985763549805,,,,,,,,,,,,,,,,,
135,0.02621603012084961,,,,,,,,,,,,,,,,,
136,0.026348590850830078,,,,,,,,,,,,,,,,,
137,0.026509761810302734,,,,,,,,,,,,,,,,,
138,0.02664804458618164,,,,,,,,,,,,,,,,,
139,0.02678966522216797,,,,,,,,,,,,,,,,,
140,0.026920795440673828,,,,,,,,,,,,,,,,,
141,0.0270535945892334,,,,,,,,,,,,,,,,,
142,0.027186155319213867,,,,,,,,,,,,,,,,,
143,0.027315378189086914,,,,,,,,,,,,,,,,,
144,0.027465105056762695,,,,,,,,,,,,,,,,,
145,0.027609586715698242,,,,,,,,,,,,,,,,,
146,0.027749061584472656,,,,,,,,,,,,,,,,,
147,0.02788233757019043,,,,,,,,,,,,,,,,,
148,0.028020858764648438,,,,,,,,,,,,,,,,,
149,0.028150320053100586,,,,,,,,,,,,,,,,,
150,0.028284072875976562,,,,,,,,,,,,,,,,,
151,0.028414487838745117,,,,,,,,,,,,,,,,,
152,0.028568744659423828,,,,,,,,,,,,,,,,,
153,0.028700590133666992,,,,,,,,,,,,,,,,,
154,0.028844118118286133,,,,,,,,,,,,,,,,,
155,0.0289762020111084,,,,,,,,,,,,,,,,,
156,0.029107332229614258,,,,,,,,,,,,,,,,,
157,0.02923750877380371,,,,,,,,,,,,,,,,,
158,0.02937006950378418,,,,,,,,,,,,,,,,,
159,0.02953815460205078,,,,,,,,,,,,,,,,,
160,0.029668807983398438,,,,,,,,,,,,,,,,,
161,0.02981424331665039,,,,,,,,,,,,,,,,,
162,0.029947280883789062,,,,,,,,,,,,,,,,,
163,0.030085086822509766,,,,,,,,,,,,,,,,,
164,0.030225753784179688,,,,,,,,,,,,,,,,,
165,0.030354738235473633,,,,,,,,,,,,,,,,,
166,0.030513525009155273,,,,,,,,,,,,,,,,,
167,0.030648231506347656,,,,,,,,,,,,,,,,,
168,0.030797243118286133,,,,,,,,,,,,,,,,,
169,0.030931711196899414,,,,,,,,,,,,,,,,,
170,0.03107428550720215,,,,,,,,,,,,,,,,,
171,0.031200170516967773,,,,,,,,,,,,,,,,,
172,0.03133821487426758,,,,,,,,,,,,,,,,,
173,0.031488656997680664,,,,,,,,,,,,,,,,,
174,0.03162264823913574,,,,,,,,,,,,,,,,,
175,0.031770944595336914,,,,,,,,,,,,,,,,,
176,0.03190469741821289,,,,,,,,,,,,,,,,,
177,0.03203892707824707,,,,,,,,,,,,,,,,,
178,0.03216958045959473,,,,,,,,,,,,,,,,,
179,0.0323026180267334,,,,,,,,,,,,,,,,,
180,0.032431602478027344,,,,,,,,,,,,,,,,,
181,0.03259468078613281,,,,,,,,,,,,,,,,,
182,0.03272557258605957,,,,,,,,,,,,,,,,,
183,0.03287220001220703,,,,,,,,,,,,,,,,,
184,0.03300881385803223,,,,,,,,,,,,,,,,,
185,0.0331418514251709,,,,,,,,,,,,,,,,,
186,0.03327345848083496,,,,,,,,,,,,,,,,,
187,0.03340888023376465,,,,,,,,,,,,,,,,,
188,0.03357529640197754,,,,,,,,,,,,,,,,,
189,0.03370833396911621,,,,,,,,,,,,,,,,,
190,0.033887624740600586,,,,,,,,,,,,,,,,,
191,0.034024715423583984,,,,,,,,,,,,,,,,,
192,0.03416013717651367,,,,,,,,,,,,,,,,,
193,0.03429055213928223,,,,,,,,,,,,,,,,,
194,0.03441977500915527,,,,,,,,,,,,,,,,,
195,0.034584760665893555,,,,,,,,,,,,,,,,,
196,0.03471970558166504,,,,,,,,,,,,,,,,,
197,0.03487443923950195,,,,,,,,,,,,,,,,,
198,0.03500699996948242,,,,,,,,,,,,,,,,,
199,0.03513789176940918,,,,,,,,,,,,,,,,,
200,0.035279273986816406,,,,,,,,,,,,,,,,,
201,0.03541111946105957,,,,,,,,,,,,,,,,,
202,0.03557157516479492,,,,,,,,,,,,,,,,,
203,0.035703182220458984,,,,,,,,,,,,,,,,,
204,0.03584742546081543,,,,,,,,,,,,,,,,,
205,0.03597617149353027,,,,,,,,,,,,,,,,,
206,0.03610873222351074,,,,,,,,,,,,,,,,,
207,0.03623604774475098,,,,,,,,,,,,,,,,,
208,0.03636455535888672,,,,,,,,,,,,,,,,,
209,0.03652000427246094,,,,,,,,,,,,,,,,,
210,0.03665280342102051,,,,,,,,,,,,,,,,,
211,0.03679203987121582,,,,,,,,,,,,,,,,,
212,0.03692221641540527,,,,,,,,,,,,,,,,,
213,0.03705430030822754,,,,,,,,,,,,,,,,,
214,0.03718137741088867,,,,,,,,,,,,,,,,,
215,0.03731083869934082,,,,,,,,,,,,,,,,,
216,0.037451982498168945,,,,,,,,,,,,,,,,,
217,0.037595272064208984,,,,,,,,,,,,,,,,,
218,0.03772568702697754,,,,,,,,,,,,,,,,,
219,0.03787636756896973,,,,,,,,,,,,,,,,,
220,0.03801250457763672,,,,,,,,,,,,,,,,,
221,0.03814411163330078,,,,,,,,,,,,,,,,,
222,0.03827643394470215,,,,,,,,,,,,,,,,,
223,0.03840494155883789,,,,,,,,,,,,,,,,,
224,0.03855705261230469,,,,,,,,,,,,,,,,,
225,0.038686513900756836,,,,,,,,,,,,,,,,,
226,0.03882551193237305,,,,,,,,,,,,,,,,,
227,0.03895282745361328,,,,,,,,,,,,,,,,,
228,0.03908348083496094,,,,,,,,,,,,,,,,,
229,0.039209842681884766,,,,,,,,,,,,,,,,,
230,0.039336204528808594,,,,,,,,,,,,,,,,,
231,0.03948187828063965,,,,,,,,,,,,,,,,,
232,0.03962349891662598,,,,,,,,,,,,,,,,,
233,0.039763450622558594,,,,,,,,,,,,,,,,,
234,0.03989911079406738,,,,,,,,,,,,,,,,,
235,0.04003405570983887,,,,,,,,,,,,,,,,,
236,0.04016685485839844,,,,,,,,,,,,,,,,,
237,0.04029560089111328,,,,,,,,,,,,,,,,,
238,0.04042649269104004,,,,,,,,,,,,,,,,,
239,0.040578603744506836,,,,,,,,,,,,,,,,,
240,0.04070758819580078,,,,,,,,,,,,,,,,,
241,0.04085040092468262,,,,,,,,,,,,,,,,,
242,0.04098010063171387,,,,,,,,,,,,,,,,,
243,0.04111289978027344,,,,,,,,,,,,,,,,,
244,0.041245460510253906,,,,,,,,,,,,,,,,,
245,0.04137229919433594,,,,,,,,,,,,,,,,,
246,0.041519880294799805,,,,,,,,,,,,,,,,,
247,0.04165244102478027,,,,,,,,,,,,,,,,,
248,0.04178977012634277,,,,,,,,,,,,,,,,,
249,0.04192185401916504,,,,,,,,,,,,,,,,,
250,0.04205656051635742,,,,,,,,,,,,,,,,,
251,0.042189836502075195,,,,,,,,,,,,,,,,,
252,0.042322397232055664,,,,,,,,,,,,,,,,,
253,0.0425412654876709,,,,,,,,,,,,,,,,,
254,0.042714834213256836,,,,,,,,,,,,,,,,,
255,0.04286503791809082,,,,,,,,,,,,,,,,,
256,0.04300117492675781,,,,,,,,,,,,,,,,,
257,0.043134212493896484,,,,,,,,,,,,,,,,,
258,0.04326629638671875,,,,,,,,,,,,,,,,,
259,0.043393611907958984,,,,,,,,,,,,,,,,,
260,0.04354739189147949,,,,,,,,,,,,,,,,,
261,0.04367971420288086,,,,,,,,,,,,,,,,,
262,0.04382491111755371,,,,,,,,,,,,,,,,,
263,0.04395341873168945,,,,,,,,,,,,,,,,,
264,0.04408907890319824,,,,,,,,,,,,,,,,,
265,0.04421854019165039,,,,,,,,,,,,,,,,,
266,0.04434657096862793,,,,,,,,,,,,,,,,,
267,0.0444941520690918,,,,,,,,,,,,,,,,,
268,0.044641971588134766,,,,,,,,,,,,,,,,,
269,0.04478883743286133,,,,,,,,,,,,,,,,,
270,0.044921159744262695,,,,,,,,,,,,,,,,,
271,0.04505419731140137,,,,,,,,,,,,,,,,,
272,0.04518604278564453,,,,,,,,,,,,,,,,,
273,0.045316219329833984,,,,,,,,,,,,,,,,,
274,0.04545855522155762,,,,,,,,,,,,,,,,,
275,0.045598506927490234,,,,,,,,,,,,,,,,,
276,0.045732736587524414,,,,,,,,,,,,,,,,,
277,0.0458984375,,,,,,,,,,,,,,,,,
278,0.046033382415771484,,,,,,,,,,,,,,,,,
279,0.04616808891296387,,,,,,,,,,,,,,,,,
280,0.046297311782836914,,,,,,,,,,,,,,,,,
281,0.046428680419921875,,,,,,,,,,,,,,,,,
282,0.04660654067993164,,,,,,,,,,,,,,,,,
283,0.046753644943237305,,,,,,,,,,,,,,,,,
284,0.046888113021850586,,,,,,,,,,,,,,,,,
285,0.04703021049499512,,,,,,,,,,,,,,,,,
286,0.04715895652770996,,,,,,,,,,,,,,,,,
287,0.047289133071899414,,,,,,,,,,,,,,,,,
288,0.04741811752319336,,,,,,,,,,,,,,,,,
289,0.04758810997009277,,,,,,,,,,,,,,,,,
290,0.047721147537231445,,,,,,,,,,,,,,,,,
291,0.04787015914916992,,,,,,,,,,,,,,,,,
292,0.048003435134887695,,,,,,,,,,,,,,,,,
293,0.04813504219055176,,,,,,,,,,,,,,,,,
294,0.0482640266418457,,,,,,,,,,,,,,,,,
295,0.048393964767456055,,,,,,,,,,,,,,,,,
296,0.04854607582092285,,,,,,,,,,,,,,,,,
297,0.048677682876586914,,,,,,,,,,,,,,,,,
298,0.04883098602294922,,,,,,,,,,,,,,,,,
299,0.04896259307861328,,,,,,,,,,,,,,,,,
300,0.04909491539001465,,,,,,,,,,,,,,,,,
301,0.049226999282836914,,,,,,,,,,,,,,,,,
302,0.04935765266418457,,,,,,,,,,,,,,,,,
303,0.049510955810546875,,,,,,,,,,,,,,,,,
304,0.04964733123779297,,,,,,,,,,,,,,,,,
305,0.04979348182678223,,,,,,,,,,,,,,,,,
306,0.049927711486816406,,,,,,,,,,,,,,,,,
307,0.0500640869140625,,,,,,,,,,,,,,,,,
308,0.050214529037475586,,,,,,,,,,,,,,,,,
309,0.05034899711608887,,,,,,,,,,,,,,,,,
310,0.050501108169555664,,,,,,,,,,,,,,,,,
311,0.05063629150390625,,,,,,,,,,,,,,,,,
312,0.0507817268371582,,,,,,,,,,,,,,,,,
313,0.05091500282287598,,,,,,,,,,,,,,,,,
314,0.05104541778564453,,,,,,,,,,,,,,,,,
315,0.05117440223693848,,,,,,,,,,,,,,,,,
316,0.05130171775817871,,,,,,,,,,,,,,,,,
317,0.05142784118652344,,,,,,,,,,,,,,,,,
318,0.05158281326293945,,,,,,,,,,,,,,,,,
319,0.0517117977142334,,,,,,,,,,,,,,,,,
320,0.05185341835021973,,,,,,,,,,,,,,,,,
321,0.05200028419494629,,,,,,,,,,,,,,,,,
322,0.05214977264404297,,,,,,,,,,,,,,,,,
323,0.052281856536865234,,,,,,,,,,,,,,,,,
324,0.05240750312805176,,,,,,,,,,,,,,,,,
325,0.05256152153015137,,,,,,,,,,,,,,,,,
326,0.05269932746887207,,,,,,,,,,,,,,,,,
327,0.05284404754638672,,,,,,,,,,,,,,,,,
328,0.053052425384521484,,,,,,,,,,,,,,,,,
329,0.05319046974182129,,,,,,,,,,,,,,,,,
330,0.053319454193115234,,,,,,,,,,,,,,,,,
331,0.05347561836242676,,,,,,,,,,,,,,,,,
332,0.05363345146179199,,,,,,,,,,,,,,,,,
333,0.05379629135131836,,,,,,,,,,,,,,,,,
334,0.05393099784851074,,,,,,,,,,,,,,,,,
335,0.05406451225280762,,,,,,,,,,,,,,,,,
336,0.054273128509521484,,,,,,,,,,,,,,,,,
337,0.05451607704162598,,,,,,,,,,,,,,,,,
338,0.054765939712524414,,,,,,,,,,,,,,,,,
339,0.05492115020751953,,,,,,,,,,,,,,,,,
340,0.055055856704711914,,,,,,,,,,,,,,,,,
341,0.05518817901611328,,,,,,,,,,,,,,,,,
342,0.05531930923461914,,,,,,,,,,,,,,,,,
343,0.055562734603881836,,,,,,,,,,,,,,,,,
344,0.05587148666381836,,,,,,,,,,,,,,,,,
345,0.05615115165710449,,,,,,,,,,,,,,,,,
346,0.05719614028930664,,,,,,,,,,,,,,,,,
347,0.057554006576538086,,,,,,,,,,,,,,,,,
348,0.057785987854003906,,,,,,,,,,,,,,,,,
349,0.0579833984375,,,,,,,,,,,,,,,,,
350,0.0587613582611084,,,,,,,,,,,,,,,,,
351,0.05949258804321289,,,,,,,,,,,,,,,,,
352,0.05977463722229004,,,,,,,,,,,,,,,,,
353,0.06003975868225098,,,,,,,,,,,,,,,,,
354,0.06030893325805664,,,,,,,,,,,,,,,,,
355,0.06059885025024414,,,,,,,,,,,,,,,,,
356,0.06086468696594238,,,,,,,,,,,,,,,,,
357,0.06101226806640625,,,,,,,,,,,,,,,,,
358,0.06120491027832031,,,,,,,,,,,,,,,,,
359,0.06139993667602539,,,,,,,,,,,,,,,,,
360,0.0616152286529541,,,,,,,,,,,,,,,,,
361,0.061823368072509766,,,,,,,,,,,,,,,,,
362,0.06281232833862305,,,,,,,,,,,,,,,,,
363,0.06304264068603516,,,,,,,,,,,,,,,,,
364,0.06323122978210449,,,,,,,,,,,,,,,,,
365,0.0634300708770752,,,,,,,,,,,,,,,,,
366,0.06379890441894531,,,,,,,,,,,,,,,,,
367,0.06394314765930176,,,,,,,,,,,,,,,,,
368,0.0641329288482666,,,,,,,,,,,,,,,,,
369,0.06436824798583984,,,,,,,,,,,,,,,,,
370,0.06461477279663086,,,,,,,,,,,,,,,,,
371,0.06486916542053223,,,,,,,,,,,,,,,,,
372,0.0650486946105957,,,,,,,,,,,,,,,,,
373,0.06518244743347168,,,,,,,,,,,,,,,,,
374,0.06534385681152344,,,,,,,,,,,,,,,,,
375,0.0655980110168457,,,,,,,,,,,,,,,,,
376,0.06575393676757812,,,,,,,,,,,,,,,,,
377,0.06588411331176758,,,,,,,,,,,,,,,,,
378,0.06601428985595703,,,,,,,,,,,,,,,,,
379,0.06614112854003906,,,,,,,,,,,,,,,,,
380,0.06626534461975098,,,,,,,,,,,,,,,,,
381,0.0663919448852539,,,,,,,,,,,,,,,,,
382,0.06656670570373535,,,,,,,,,,,,,,,,,
383,0.06671476364135742,,,,,,,,,,,,,,,,,
384,0.06684541702270508,,,,,,,,,,,,,,,,,
385,0.06697750091552734,,,,,,,,,,,,,,,,,
386,0.06710195541381836,,,,,,,,,,,,,,,,,
387,0.06722736358642578,,,,,,,,,,,,,,,,,
388,0.06736087799072266,,,,,,,,,,,,,,,,,
389,0.06753683090209961,,,,,,,,,,,,,,,,,
390,0.06768941879272461,,,,,,,,,,,,,,,,,
391,0.0678257942199707,,,,,,,,,,,,,,,,,
392,0.06795930862426758,,,,,,,,,,,,,,,,,
393,0.06808710098266602,,,,,,,,,,,,,,,,,
394,0.06821823120117188,,,,,,,,,,,,,,,,,
395,0.0683438777923584,,,,,,,,,,,,,,,,,
396,0.06850194931030273,,,,,,,,,,,,,,,,,
397,0.06864309310913086,,,,,,,,,,,,,,,,,
398,0.06878066062927246,,,,,,,,,,,,,,,,,
399,0.06891608238220215,,,,,,,,,,,,,,,,,
400,0.06906628608703613,,,,,,,,,,,,,,,,,
401,0.06919741630554199,,,,,,,,,,,,,,,,,
402,0.06932187080383301,,,,,,,,,,,,,,,,,
403,0.06946825981140137,,,,,,,,,,,,,,,,,
404,0.06960773468017578,,,,,,,,,,,,,,,,,
405,0.06974601745605469,,,,,,,,,,,,,,,,,
406,0.06987380981445312,,,,,,,,,,,,,,,,,
407,0.0700078010559082,,,,,,,,,,,,,,,,,
408,0.07013225555419922,,,,,,,,,,,,,,,,,
409,0.07025980949401855,,,,,,,,,,,,,,,,,
410,0.07038450241088867,,,,,,,,,,,,,,,,,
411,0.07053279876708984,,,,,,,,,,,,,,,,,
412,0.07067131996154785,,,,,,,,,,,,,,,,,
413,0.07079648971557617,,,,,,,,,,,,,,,,,
414,0.07092523574829102,,,,,,,,,,,,,,,,,
415,0.07106709480285645,,,,,,,,,,,,,,,,,
416,0.071197509765625,,,,,,,,,,,,,,,,,
417,0.07132577896118164,,,,,,,,,,,,,,,,,
418,0.07146763801574707,,,,,,,,,,,,,,,,,
419,0.07159972190856934,,,,,,,,,,,,,,,,,
420,0.07173991203308105,,,,,,,,,,,,,,,,,
421,0.07186222076416016,,,,,,,,,,,,,,,,,
422,0.07199764251708984,,,,,,,,,,,,,,,,,
423,0.0721285343170166,,,,,,,,,,,,,,,,,
424,0.07225465774536133,,,,,,,,,,,,,,,,,
425,0.07237911224365234,,,,,,,,,,,,,,,,,
426,0.0725243091583252,,,,,,,,,,,,,,,,,
427,0.07266569137573242,,,,,,,,,,,,,,,,,
428,0.07278823852539062,,,,,,,,,,,,,,,,,
429,0.07291460037231445,,,,,,,,,,,,,,,,,
430,0.07304620742797852,,,,,,,,,,,,,,,,,
431,0.07316780090332031,,,,,,,,,,,,,,,,,
432,0.07328605651855469,,,,,,,,,,,,,,,,,
433,0.07340407371520996,,,,,,,,,,,,,,,,,
434,0.07354593276977539,,,,,,,,,,,,,,,,,
435,0.07367563247680664,,,,,,,,,,,,,,,,,
436,0.07379555702209473,,,,,,,,,,,,,,,,,
437,0.07391691207885742,,,,,,,,,,,,,,,,,
438,0.0740365982055664,,,,,,,,,,,,,,,,,
439,0.07415533065795898,,,,,,,,,,,,,,,,,
440,0.07427382469177246,,,,,,,,,,,,,,,,,
441,0.07439064979553223,,,,,,,,,,,,,,,,,
442,0.07452607154846191,,,,,,,,,,,,,,,,,
443,0.07465195655822754,,,,,,,,,,,,,,,,,
444,0.07477331161499023,,,,,,,,,,,,,,,,,
445,0.07489204406738281,,,,,,,,,,,,,,,,,
446,0.0750112533569336,,,,,,,,,,,,,,,,,
447,0.07513141632080078,,,,,,,,,,,,,,,,,
448,0.07525253295898438,,,,,,,,,,,,,,,,,
449,0.07537007331848145,,,,,,,,,,,,,,,,,
450,0.07550740242004395,,,,,,,,,,,,,,,,,
451,0.07563233375549316,,,,,,,,,,,,,,,,,
452,0.07577013969421387,,,,,,,,,,,,,,,,,
453,0.07588911056518555,,,,,,,,,,,,,,,,,
454,0.07600975036621094,,,,,,,,,,,,,,,,,
455,0.07612919807434082,,,,,,,,,,,,,,,,,
456,0.07626032829284668,,,,,,,,,,,,,,,,,
457,0.07638025283813477,,,,,,,,,,,,,,,,,
458,0.07651638984680176,,,,,,,,,,,,,,,,,
459,0.07664227485656738,,,,,,,,,,,,,,,,,
460,0.07676577568054199,,,,,,,,,,,,,,,,,
461,0.07688331604003906,,,,,,,,,,,,,,,,,
462,0.07700109481811523,,,,,,,,,,,,,,,,,
463,0.07711935043334961,,,,,,,,,,,,,,,,,
464,0.07723712921142578,,,,,,,,,,,,,,,,,
465,0.07735371589660645,,,,,,,,,,,,,,,,,
466,0.0775144100189209,,,,,,,,,,,,,,,,,
467,0.07769465446472168,,,,,,,,,,,,,,,,,
468,0.07781839370727539,,,,,,,,,,,,,,,,,
469,0.07794451713562012,,,,,,,,,,,,,,,,,
470,0.07806634902954102,,,,,,,,,,,,,,,,,
471,0.0781865119934082,,,,,,,,,,,,,,,,,
472,0.07830500602722168,,,,,,,,,,,,,,,,,
473,0.07842469215393066,,,,,,,,,,,,,,,,,
474,0.07857728004455566,,,,,,,,,,,,,,,,,
475,0.07871437072753906,,,,,,,,,,,,,,,,,
476,0.07883858680725098,,,,,,,,,,,,,,,,,
477,0.07897138595581055,,,,,,,,,,,,,,,,,
478,0.07909703254699707,,,,,,,,,,,,,,,,,
479,0.07923126220703125,,,,,,,,,,,,,,,,,
480,0.07935166358947754,,,,,,,,,,,,,,,,,
481,0.07948923110961914,,,,,,,,,,,,,,,,,
482,0.07961106300354004,,,,,,,,,,,,,,,,,
483,0.0797414779663086,,,,,,,,,,,,,,,,,
484,0.07985925674438477,,,,,,,,,,,,,,,,,
485,0.07997608184814453,,,,,,,,,,,,,,,,,
486,0.08010005950927734,,,,,,,,,,,,,,,,,
487,0.08022904396057129,,,,,,,,,,,,,,,,,
488,0.08034920692443848,,,,,,,,,,,,,,,,,
489,0.08048367500305176,,,,,,,,,,,,,,,,,
490,0.08060455322265625,,,,,,,,,,,,,,,,,
491,0.0807657241821289,,,,,,,,,,,,,,,,,
492,0.0808858871459961,,,,,,,,,,,,,,,,,
493,0.08101201057434082,,,,,,,,,,,,,,,,,
494,0.08113288879394531,,,,,,,,,,,,,,,,,
495,0.08125185966491699,,,,,,,,,,,,,,,,,
496,0.08136987686157227,,,,,,,,,,,,,,,,,
497,0.08150625228881836,,,,,,,,,,,,,,,,,
498,0.08162927627563477,,,,,,,,,,,,,,,,,
499,0.08176183700561523,,,,,,,,,,,,,,,,,
500,0.08188557624816895,,,,,,,,,,,,,,,,,
501,0.08200502395629883,,,,,,,,,,,,,,,,,
502,0.0821220874786377,,,,,,,,,,,,,,,,,
503,0.08223843574523926,,,,,,,,,,,,,,,,,
504,0.08235478401184082,,,,,,,,,,,,,,,,,
505,0.082489013671875,,,,,,,,,,,,,,,,,
506,0.08265542984008789,,,,,,,,,,,,,,,,,
507,0.08278274536132812,,,,,,,,,,,,,,,,,
508,0.08290672302246094,,,,,,,,,,,,,,,,,
509,0.08302831649780273,,,,,,,,,,,,,,,,,
510,0.08314657211303711,,,,,,,,,,,,,,,,,
511,0.08326339721679688,,,,,,,,,,,,,,,,,
512,0.08338117599487305,,,,,,,,,,,,,,,,,
513,0.08351969718933105,,,,,,,,,,,,,,,,,
514,0.08365726470947266,,,,,,,,,,,,,,,,,
515,0.0837864875793457,,,,,,,,,,,,,,,,,
516,0.0839078426361084,,,,,,,,,,,,,,,,,
517,0.08402776718139648,,,,,,,,,,,,,,,,,
518,0.08414673805236816,,,,,,,,,,,,,,,,,
519,0.08426618576049805,,,,,,,,,,,,,,,,,
520,0.08440065383911133,,,,,,,,,,,,,,,,,
521,0.08454394340515137,,,,,,,,,,,,,,,,,
522,0.08467745780944824,,,,,,,,,,,,,,,,,
523,0.08479809761047363,,,,,,,,,,,,,,,,,
524,0.08491659164428711,,,,,,,,,,,,,,,,,
525,0.08503508567810059,,,,,,,,,,,,,,,,,
526,0.08515620231628418,,,,,,,,,,,,,,,,,
527,0.08527588844299316,,,,,,,,,,,,,,,,,
528,0.08539652824401855,,,,,,,,,,,,,,,,,
529,0.08553528785705566,,,,,,,,,,,,,,,,,
530,0.08567142486572266,,,,,,,,,,,,,,,,,
531,0.08579325675964355,,,,,,,,,,,,,,,,,
532,0.08591175079345703,,,,,,,,,,,,,,,,,
533,0.0860300064086914,,,,,,,,,,,,,,,,,
534,0.08614873886108398,,,,,,,,,,,,,,,,,
535,0.08626842498779297,,,,,,,,,,,,,,,,,
536,0.0863962173461914,,,,,,,,,,,,,,,,,
537,0.0865473747253418,,,,,,,,,,,,,,,,,
538,0.08668088912963867,,,,,,,,,,,,,,,,,
539,0.08680343627929688,,,,,,,,,,,,,,,,,
540,0.08692216873168945,,,,,,,,,,,,,,,,,
541,0.08704042434692383,,,,,,,,,,,,,,,,,
542,0.08715987205505371,,,,,,,,,,,,,,,,,
543,0.08728575706481934,,,,,,,,,,,,,,,,,
544,0.0874032974243164,,,,,,,,,,,,,,,,,
545,0.08754229545593262,,,,,,,,,,,,,,,,,
546,0.08768105506896973,,,,,,,,,,,,,,,,,
547,0.08780360221862793,,,,,,,,,,,,,,,,,
548,0.0879216194152832,,,,,,,,,,,,,,,,,
549,0.08803915977478027,,,,,,,,,,,,,,,,,
550,0.08816313743591309,,,,,,,,,,,,,,,,,
551,0.08828043937683105,,,,,,,,,,,,,,,,,
552,0.08839702606201172,,,,,,,,,,,,,,,,,
553,0.08853435516357422,,,,,,,,,,,,,,,,,
554,0.08866286277770996,,,,,,,,,,,,,,,,,
555,0.08878445625305176,,,,,,,,,,,,,,,,,
556,0.08890366554260254,,,,,,,,,,,,,,,,,
557,0.08903050422668457,,,,,,,,,,,,,,,,,
558,0.08915281295776367,,,,,,,,,,,,,,,,,
559,0.08927559852600098,,,,,,,,,,,,,,,,,
560,0.08939814567565918,,,,,,,,,,,,,,,,,
561,0.08954048156738281,,,,,,,,,,,,,,,,,
562,0.08967113494873047,,,,,,,,,,,,,,,,,
563,0.08979272842407227,,,,,,,,,,,,,,,,,
564,0.08991694450378418,,,,,,,,,,,,,,,,,
565,0.09003686904907227,,,,,,,,,,,,,,,,,
566,0.09015393257141113,,,,,,,,,,,,,,,,,
567,0.09027099609375,,,,,,,,,,,,,,,,,
568,0.09038782119750977,,,,,,,,,,,,,,,,,
569,0.09052371978759766,,,,,,,,,,,,,,,,,
570,0.09065055847167969,,,,,,,,,,,,,,,,,
571,0.09077787399291992,,,,,,,,,,,,,,,,,
572,0.0908966064453125,,,,,,,,,,,,,,,,,
573,0.09101366996765137,,,,,,,,,,,,,,,,,
574,0.09113192558288574,,,,,,,,,,,,,,,,,
575,0.09124922752380371,,,,,,,,,,,,,,,,,
576,0.0913686752319336,,,,,,,,,,,,,,,,,
577,0.0915067195892334,,,,,,,,,,,,,,,,,
578,0.09163308143615723,,,,,,,,,,,,,,,,,
579,0.09177041053771973,,,,,,,,,,,,,,,,,
580,0.09189224243164062,,,,,,,,,,,,,,,,,
581,0.0920112133026123,,,,,,,,,,,,,,,,,
582,0.09212946891784668,,,,,,,,,,,,,,,,,
583,0.09230709075927734,,,,,,,,,,,,,,,,,
584,0.09250450134277344,,,,,,,,,,,,,,,,,
585,0.09270381927490234,,,,,,,,,,,,,,,,,
586,0.09288311004638672,,,,,,,,,,,,,,,,,
587,0.0932912826538086,,,,,,,,,,,,,,,,,
588,0.09369874000549316,,,,,,,,,,,,,,,,,
589,0.09387850761413574,,,,,,,,,,,,,,,,,
590,0.09403085708618164,,,,,,,,,,,,,,,,,
591,0.09417581558227539,,,,,,,,,,,,,,,,,
592,0.09435153007507324,,,,,,,,,,,,,,,,,
593,0.0945119857788086,,,,,,,,,,,,,,,,,
594,0.09464383125305176,,,,,,,,,,,,,,,,,
595,0.09482550621032715,,,,,,,,,,,,,,,,,
596,0.09495282173156738,,,,,,,,,,,,,,,,,
597,0.09507942199707031,,,,,,,,,,,,,,,,,
598,0.09520673751831055,,,,,,,,,,,,,,,,,
599,0.09533286094665527,,,,,,,,,,,,,,,,,
600,0.09549069404602051,,,,,,,,,,,,,,,,,
601,0.0956873893737793,,,,,,,,,,,,,,,,,
602,0.0958404541015625,,,,,,,,,,,,,,,,,
603,0.0959630012512207,,,,,,,,,,,,,,,,,
604,0.09608030319213867,,,,,,,,,,,,,,,,,
605,0.0962073802947998,,,,,,,,,,,,,,,,,
606,0.09633135795593262,,,,,,,,,,,,,,,,,
607,0.09647035598754883,,,,,,,,,,,,,,,,,
608,0.09659481048583984,,,,,,,,,,,,,,,,,
609,0.09673237800598145,,,,,,,,,,,,,,,,,
610,0.0968632698059082,,,,,,,,,,,,,,,,,
611,0.09698247909545898,,,,,,,,,,,,,,,,,
612,0.09710001945495605,,,,,,,,,,,,,,,,,
613,0.09722185134887695,,,,,,,,,,,,,,,,,
614,0.09734129905700684,,,,,,,,,,,,,,,,,
615,0.0974738597869873,,,,,,,,,,,,,,,,,
616,0.09759378433227539,,,,,,,,,,,,,,,,,
617,0.09771847724914551,,,,,,,,,,,,,,,,,
618,0.0978386402130127,,,,,,,,,,,,,,,,,
619,0.09795427322387695,,,,,,,,,,,,,,,,,
620,0.09807014465332031,,,,,,,,,,,,,,,,,
621,0.09819316864013672,,,,,,,,,,,,,,,,,
622,0.09831380844116211,,,,,,,,,,,,,,,,,
623,0.09842944145202637,,,,,,,,,,,,,,,,,
624,0.09856820106506348,,,,,,,,,,,,,,,,,
625,0.09868550300598145,,,,,,,,,,,,,,,,,
626,0.0988163948059082,,,,,,,,,,,,,,,,,
627,0.09893584251403809,,,,,,,,,,,,,,,,,
628,0.0990605354309082,,,,,,,,,,,,,,,,,
629,0.09917688369750977,,,,,,,,,,,,,,,,,
630,0.09929394721984863,,,,,,,,,,,,,,,,,
631,0.0994102954864502,,,,,,,,,,,,,,,,,
632,0.09954667091369629,,,,,,,,,,,,,,,,,
633,0.09966731071472168,,,,,,,,,,,,,,,,,
634,0.09979438781738281,,,,,,,,,,,,,,,,,
635,0.09992265701293945,,,,,,,,,,,,,,,,,
636,0.10004115104675293,,,,,,,,,,,,,,,,,
637,0.1001579761505127,,,,,,,,,,,,,,,,,
638,0.10027384757995605,,,,,,,,,,,,,,,,,
639,0.1003885269165039,,,,,,,,,,,,,,,,,
640,0.1005239486694336,,,,,,,,,,,,,,,,,
641,0.1006467342376709,,,,,,,,,,,,,,,,,
642,0.10078763961791992,,,,,,,,,,,,,,,,,
643,0.10091066360473633,,,,,,,,,,,,,,,,,
644,0.10103034973144531,,,,,,,,,,,,,,,,,
645,0.1011509895324707,,,,,,,,,,,,,,,,,
646,0.10127019882202148,,,,,,,,,,,,,,,,,
647,0.10138845443725586,,,,,,,,,,,,,,,,,
648,0.10152578353881836,,,,,,,,,,,,,,,,,
649,0.10165190696716309,,,,,,,,,,,,,,,,,
650,0.10178494453430176,,,,,,,,,,,,,,,,,
651,0.10191464424133301,,,,,,,,,,,,,,,,,
652,0.10203337669372559,,,,,,,,,,,,,,,,,
653,0.10215044021606445,,,,,,,,,,,,,,,,,
654,0.10226559638977051,,,,,,,,,,,,,,,,,
655,0.10238003730773926,,,,,,,,,,,,,,,,,
656,0.10255050659179688,,,,,,,,,,,,,,,,,
657,0.10267949104309082,,,,,,,,,,,,,,,,,
658,0.10281062126159668,,,,,,,,,,,,,,,,,
659,0.10293102264404297,,,,,,,,,,,,,,,,,
660,0.10305118560791016,,,,,,,,,,,,,,,,,
661,0.10316705703735352,,,,,,,,,,,,,,,,,
662,0.10328197479248047,,,,,,,,,,,,,,,,,
663,0.10340166091918945,,,,,,,,,,,,,,,,,
664,0.10354208946228027,,,,,,,,,,,,,,,,,
665,0.10365962982177734,,,,,,,,,,,,,,,,,
666,0.10381197929382324,,,,,,,,,,,,,,,,,
667,0.10393309593200684,,,,,,,,,,,,,,,,,
668,0.10406351089477539,,,,,,,,,,,,,,,,,
669,0.10418128967285156,,,,,,,,,,,,,,,,,
670,0.10430240631103516,,,,,,,,,,,,,,,,,
671,0.10441970825195312,,,,,,,,,,,,,,,,,
672,0.10458159446716309,,,,,,,,,,,,,,,,,
673,0.10470294952392578,,,,,,,,,,,,,,,,,
674,0.10483264923095703,,,,,,,,,,,,,,,,,
675,0.1049489974975586,,,,,,,,,,,,,,,,,
676,0.10506486892700195,,,,,,,,,,,,,,,,,
677,0.1052095890045166,,,,,,,,,,,,,,,,,
678,0.10533785820007324,,,,,,,,,,,,,,,,,
679,0.10547256469726562,,,,,,,,,,,,,,,,,
680,0.10559678077697754,,,,,,,,,,,,,,,,,
681,0.10573053359985352,,,,,,,,,,,,,,,,,
682,0.10585165023803711,,,,,,,,,,,,,,,,,
683,0.10596847534179688,,,,,,,,,,,,,,,,,
684,0.10609054565429688,,,,,,,,,,,,,,,,,
685,0.10621166229248047,,,,,,,,,,,,,,,,,
686,0.10632896423339844,,,,,,,,,,,,,,,,,
687,0.1064615249633789,,,,,,,,,,,,,,,,,
688,0.10658407211303711,,,,,,,,,,,,,,,,,
689,0.10670042037963867,,,,,,,,,,,,,,,,,
690,0.10685420036315918,,,,,,,,,,,,,,,,,
691,0.10697746276855469,,,,,,,,,,,,,,,,,
692,0.10709714889526367,,,,,,,,,,,,,,,,,
693,0.10721325874328613,,,,,,,,,,,,,,,,,
694,0.10732889175415039,,,,,,,,,,,,,,,,,
695,0.10745716094970703,,,,,,,,,,,,,,,,,
696,0.10757780075073242,,,,,,,,,,,,,,,,,
697,0.10769414901733398,,,,,,,,,,,,,,,,,
698,0.10782909393310547,,,,,,,,,,,,,,,,,
699,0.10794758796691895,,,,,,,,,,,,,,,,,
700,0.1080625057220459,,,,,,,,,,,,,,,,,
701,0.10817766189575195,,,,,,,,,,,,,,,,,
702,0.10829806327819824,,,,,,,,,,,,,,,,,
703,0.1084146499633789,,,,,,,,,,,,,,,,,
704,0.1085507869720459,,,,,,,,,,,,,,,,,
705,0.10866785049438477,,,,,,,,,,,,,,,,,
706,0.10880327224731445,,,,,,,,,,,,,,,,,
707,0.10892510414123535,,,,,,,,,,,,,,,,,
708,0.10904192924499512,,,,,,,,,,,,,,,,,
709,0.10915780067443848,,,,,,,,,,,,,,,,,
710,0.10927581787109375,,,,,,,,,,,,,,,,,
711,0.10939145088195801,,,,,,,,,,,,,,,,,
712,0.1095273494720459,,,,,,,,,,,,,,,,,
713,0.10965585708618164,,,,,,,,,,,,,,,,,
714,0.10978889465332031,,,,,,,,,,,,,,,,,
715,0.10991144180297852,,,,,,,,,,,,,,,,,
716,0.11002802848815918,,,,,,,,,,,,,,,,,
717,0.11014580726623535,,,,,,,,,,,,,,,,,
718,0.11026358604431152,,,,,,,,,,,,,,,,,
719,0.11038017272949219,,,,,,,,,,,,,,,,,
720,0.11053013801574707,,,,,,,,,,,,,,,,,
721,0.11064791679382324,,,,,,,,,,,,,,,,,
722,0.11078524589538574,,,,,,,,,,,,,,,,,
723,0.11090540885925293,,,,,,,,,,,,,,,,,
724,0.11102151870727539,,,,,,,,,,,,,,,,,
725,0.11113691329956055,,,,,,,,,,,,,,,,,
726,0.11125302314758301,,,,,,,,,,,,,,,,,
727,0.11137533187866211,,,,,,,,,,,,,,,,,
728,0.11151766777038574,,,,,,,,,,,,,,,,,
729,0.11164236068725586,,,,,,,,,,,,,,,,,
730,0.11177492141723633,,,,,,,,,,,,,,,,,
731,0.11189651489257812,,,,,,,,,,,,,,,,,
732,0.11201715469360352,,,,,,,,,,,,,,,,,
733,0.11213469505310059,,,,,,,,,,,,,,,,,
734,0.1122586727142334,,,,,,,,,,,,,,,,,
735,0.11237716674804688,,,,,,,,,,,,,,,,,
736,0.11251306533813477,,,,,,,,,,,,,,,,,
737,0.11263895034790039,,,,,,,,,,,,,,,,,
738,0.11276626586914062,,,,,,,,,,,,,,,,,
739,0.11290311813354492,,,,,,,,,,,,,,,,,
740,0.11307215690612793,,,,,,,,,,,,,,,,,
741,0.11324882507324219,,,,,,,,,,,,,,,,,
742,0.1134192943572998,,,,,,,,,,,,,,,,,
743,0.11366629600524902,,,,,,,,,,,,,,,,,
744,0.1137998104095459,,,,,,,,,,,,,,,,,
745,0.11391782760620117,,,,,,,,,,,,,,,,,
746,0.11403441429138184,,,,,,,,,,,,,,,,,
747,0.1141510009765625,,,,,,,,,,,,,,,,,
748,0.1142725944519043,,,,,,,,,,,,,,,,,
749,0.1143941879272461,,,,,,,,,,,,,,,,,
750,0.1145329475402832,,,,,,,,,,,,,,,,,
751,0.11465215682983398,,,,,,,,,,,,,,,,,
752,0.11478924751281738,,,,,,,,,,,,,,,,,
753,0.11491012573242188,,,,,,,,,,,,,,,,,
754,0.11502790451049805,,,,,,,,,,,,,,,,,
755,0.11515116691589355,,,,,,,,,,,,,,,,,
756,0.11526846885681152,,,,,,,,,,,,,,,,,
757,0.11538457870483398,,,,,,,,,,,,,,,,,
758,0.11552071571350098,,,,,,,,,,,,,,,,,
759,0.11565208435058594,,,,,,,,,,,,,,,,,
760,0.1158132553100586,,,,,,,,,,,,,,,,,
761,0.1159369945526123,,,,,,,,,,,,,,,,,
762,0.1160585880279541,,,,,,,,,,,,,,,,,
763,0.11617875099182129,,,,,,,,,,,,,,,,,
764,0.11629676818847656,,,,,,,,,,,,,,,,,
765,0.11641240119934082,,,,,,,,,,,,,,,,,
766,0.11655092239379883,,,,,,,,,,,,,,,,,
767,0.1166679859161377,,,,,,,,,,,,,,,,,
768,0.11679530143737793,,,,,,,,,,,,,,,,,
769,0.11691641807556152,,,,,,,,,,,,,,,,,
770,0.11703920364379883,,,,,,,,,,,,,,,,,
771,0.11715579032897949,,,,,,,,,,,,,,,,,
772,0.11727285385131836,,,,,,,,,,,,,,,,,
773,0.11739015579223633,,,,,,,,,,,,,,,,,
774,0.11753582954406738,,,,,,,,,,,,,,,,,
775,0.11765480041503906,,,,,,,,,,,,,,,,,
776,0.11778759956359863,,,,,,,,,,,,,,,,,
777,0.11790609359741211,,,,,,,,,,,,,,,,,
778,0.11802196502685547,,,,,,,,,,,,,,,,,
779,0.11813664436340332,,,,,,,,,,,,,,,,,
780,0.11825084686279297,,,,,,,,,,,,,,,,,
781,0.11836528778076172,,,,,,,,,,,,,,,,,
782,0.1185007095336914,,,,,,,,,,,,,,,,,
783,0.11862397193908691,,,,,,,,,,,,,,,,,
784,0.11875367164611816,,,,,,,,,,,,,,,,,
785,0.11887264251708984,,,,,,,,,,,,,,,,,
786,0.11898994445800781,,,,,,,,,,,,,,,,,
787,0.11910629272460938,,,,,,,,,,,,,,,,,
788,0.11922311782836914,,,,,,,,,,,,,,,,,
789,0.11934041976928711,,,,,,,,,,,,,,,,,
790,0.11947298049926758,,,,,,,,,,,,,,,,,
791,0.11960124969482422,,,,,,,,,,,,,,,,,
792,0.1197361946105957,,,,,,,,,,,,,,,,,
793,0.11985516548156738,,,,,,,,,,,,,,,,,
794,0.11997056007385254,,,,,,,,,,,,,,,,,
795,0.12008523941040039,,,,,,,,,,,,,,,,,
796,0.12019991874694824,,,,,,,,,,,,,,,,,
797,0.1203150749206543,,,,,,,,,,,,,,,,,
798,0.12043452262878418,,,,,,,,,,,,,,,,,
799,0.12057185173034668,,,,,,,,,,,,,,,,,
800,0.12068915367126465,,,,,,,,,,,,,,,,,
801,0.12081742286682129,,,,,,,,,,,,,,,,,
802,0.12093424797058105,,,,,,,,,,,,,,,,,
803,0.12104988098144531,,,,,,,,,,,,,,,,,
804,0.12116575241088867,,,,,,,,,,,,,,,,,
805,0.12128782272338867,,,,,,,,,,,,,,,,,
806,0.12140321731567383,,,,,,,,,,,,,,,,,
807,0.1215369701385498,,,,,,,,,,,,,,,,,
808,0.12165451049804688,,,,,,,,,,,,,,,,,
809,0.12178206443786621,,,,,,,,,,,,,,,,,
810,0.12189888954162598,,,,,,,,,,,,,,,,,
811,0.12201428413391113,,,,,,,,,,,,,,,,,
812,0.12213540077209473,,,,,,,,,,,,,,,,,
813,0.12225580215454102,,,,,,,,,,,,,,,,,
814,0.1223750114440918,,,,,,,,,,,,,,,,,
815,0.12254047393798828,,,,,,,,,,,,,,,,,
816,0.12267231941223145,,,,,,,,,,,,,,,,,
817,0.12281370162963867,,,,,,,,,,,,,,,,,
818,0.12293362617492676,,,,,,,,,,,,,,,,,
819,0.12305760383605957,,,,,,,,,,,,,,,,,
820,0.12317585945129395,,,,,,,,,,,,,,,,,
821,0.1232919692993164,,,,,,,,,,,,,,,,,
822,0.12340807914733887,,,,,,,,,,,,,,,,,
823,0.12354302406311035,,,,,,,,,,,,,,,,,
824,0.12365984916687012,,,,,,,,,,,,,,,,,
825,0.12387919425964355,,,,,,,,,,,,,,,,,
826,0.12400674819946289,,,,,,,,,,,,,,,,,
827,0.12412428855895996,,,,,,,,,,,,,,,,,
828,0.12423968315124512,,,,,,,,,,,,,,,,,
829,0.12435626983642578,,,,,,,,,,,,,,,,,
830,0.12449169158935547,,,,,,,,,,,,,,,,,
831,0.12461185455322266,,,,,,,,,,,,,,,,,
832,0.12473869323730469,,,,,,,,,,,,,,,,,
833,0.12487339973449707,,,,,,,,,,,,,,,,,
834,0.12499618530273438,,,,,,,,,,,,,,,,,
835,0.12511301040649414,,,,,,,,,,,,,,,,,
836,0.1252295970916748,,,,,,,,,,,,,,,,,
837,0.12534570693969727,,,,,,,,,,,,,,,,,
838,0.12547898292541504,,,,,,,,,,,,,,,,,
839,0.12560033798217773,,,,,,,,,,,,,,,,,
840,0.12574291229248047,,,,,,,,,,,,,,,,,
841,0.1258714199066162,,,,,,,,,,,,,,,,,
842,0.12598848342895508,,,,,,,,,,,,,,,,,
843,0.12610554695129395,,,,,,,,,,,,,,,,,
844,0.12622356414794922,,,,,,,,,,,,,,,,,
845,0.12633967399597168,,,,,,,,,,,,,,,,,
846,0.12647342681884766,,,,,,,,,,,,,,,,,
847,0.1266024112701416,,,,,,,,,,,,,,,,,
848,0.126739501953125,,,,,,,,,,,,,,,,,
849,0.1268620491027832,,,,,,,,,,,,,,,,,
850,0.12698817253112793,,,,,,,,,,,,,,,,,
851,0.12710833549499512,,,,,,,,,,,,,,,,,
852,0.12723660469055176,,,,,,,,,,,,,,,,,
853,0.12735533714294434,,,,,,,,,,,,,,,,,
854,0.12749600410461426,,,,,,,,,,,,,,,,,
855,0.1276228427886963,,,,,,,,,,,,,,,,,
856,0.12775158882141113,,,,,,,,,,,,,,,,,
857,0.1278703212738037,,,,,,,,,,,,,,,,,
858,0.12798810005187988,,,,,,,,,,,,,,,,,
859,0.12810468673706055,,,,,,,,,,,,,,,,,
860,0.12824249267578125,,,,,,,,,,,,,,,,,
861,0.12836694717407227,,,,,,,,,,,,,,,,,
862,0.12850451469421387,,,,,,,,,,,,,,,,,
863,0.12862515449523926,,,,,,,,,,,,,,,,,
864,0.1287519931793213,,,,,,,,,,,,,,,,,
865,0.12887120246887207,,,,,,,,,,,,,,,,,
866,0.12898921966552734,,,,,,,,,,,,,,,,,
867,0.12910723686218262,,,,,,,,,,,,,,,,,
868,0.1292283535003662,,,,,,,,,,,,,,,,,
869,0.129347562789917,,,,,,,,,,,,,,,,,
870,0.12949371337890625,,,,,,,,,,,,,,,,,
871,0.12961506843566895,,,,,,,,,,,,,,,,,
872,0.1297447681427002,,,,,,,,,,,,,,,,,
873,0.12987208366394043,,,,,,,,,,,,,,,,,
874,0.1299905776977539,,,,,,,,,,,,,,,,,
875,0.13010954856872559,,,,,,,,,,,,,,,,,
876,0.13023948669433594,,,,,,,,,,,,,,,,,
877,0.13036298751831055,,,,,,,,,,,,,,,,,
878,0.13050007820129395,,,,,,,,,,,,,,,,,
879,0.13062167167663574,,,,,,,,,,,,,,,,,
880,0.13075780868530273,,,,,,,,,,,,,,,,,
881,0.13087868690490723,,,,,,,,,,,,,,,,,
882,0.130997896194458,,,,,,,,,,,,,,,,,
883,0.13112306594848633,,,,,,,,,,,,,,,,,
884,0.1312401294708252,,,,,,,,,,,,,,,,,
885,0.13135766983032227,,,,,,,,,,,,,,,,,
886,0.13149428367614746,,,,,,,,,,,,,,,,,
887,0.13161754608154297,,,,,,,,,,,,,,,,,
888,0.13174939155578613,,,,,,,,,,,,,,,,,
889,0.1318800449371338,,,,,,,,,,,,,,,,,
890,0.13201189041137695,,,,,,,,,,,,,,,,,
891,0.13213014602661133,,,,,,,,,,,,,,,,,
892,0.1322464942932129,,,,,,,,,,,,,,,,,
893,0.13236498832702637,,,,,,,,,,,,,,,,,
894,0.13250112533569336,,,,,,,,,,,,,,,,,
895,0.1326279640197754,,,,,,,,,,,,,,,,,
896,0.13275671005249023,,,,,,,,,,,,,,,,,
897,0.13287878036499023,,,,,,,,,,,,,,,,,
898,0.13299965858459473,,,,,,,,,,,,,,,,,
899,0.13312005996704102,,,,,,,,,,,,,,,,,
900,0.1332409381866455,,,,,,,,,,,,,,,,,
901,0.1333599090576172,,,,,,,,,,,,,,,,,
902,0.13349604606628418,,,,,,,,,,,,,,,,,
903,0.13361620903015137,,,,,,,,,,,,,,,,,
904,0.13375091552734375,,,,,,,,,,,,,,,,,
905,0.13387155532836914,,,,,,,,,,,,,,,,,
906,0.13399028778076172,,,,,,,,,,,,,,,,,
907,0.13411712646484375,,,,,,,,,,,,,,,,,
908,0.13423562049865723,,,,,,,,,,,,,,,,,
909,0.1343522071838379,,,,,,,,,,,,,,,,,
910,0.13448548316955566,,,,,,,,,,,,,,,,,
911,0.13461041450500488,,,,,,,,,,,,,,,,,
912,0.1347360610961914,,,,,,,,,,,,,,,,,
913,0.13485336303710938,,,,,,,,,,,,,,,,,
914,0.13496875762939453,,,,,,,,,,,,,,,,,
915,0.1350858211517334,,,,,,,,,,,,,,,,,
916,0.13520216941833496,,,,,,,,,,,,,,,,,
917,0.13531708717346191,,,,,,,,,,,,,,,,,
918,0.1354372501373291,,,,,,,,,,,,,,,,,
919,0.13557982444763184,,,,,,,,,,,,,,,,,
920,0.13569927215576172,,,,,,,,,,,,,,,,,
921,0.1358327865600586,,,,,,,,,,,,,,,,,
922,0.13595032691955566,,,,,,,,,,,,,,,,,
923,0.13606739044189453,,,,,,,,,,,,,,,,,
924,0.1361846923828125,,,,,,,,,,,,,,,,,
925,0.1363050937652588,,,,,,,,,,,,,,,,,
926,0.13642311096191406,,,,,,,,,,,,,,,,,
927,0.13655996322631836,,,,,,,,,,,,,,,,,
928,0.13667654991149902,,,,,,,,,,,,,,,,,
929,0.13680481910705566,,,,,,,,,,,,,,,,,
930,0.13692283630371094,,,,,,,,,,,,,,,,,
931,0.13704204559326172,,,,,,,,,,,,,,,,,
932,0.13716459274291992,,,,,,,,,,,,,,,,,
933,0.1372833251953125,,,,,,,,,,,,,,,,,
934,0.13740181922912598,,,,,,,,,,,,,,,,,
935,0.13753724098205566,,,,,,,,,,,,,,,,,
936,0.13765645027160645,,,,,,,,,,,,,,,,,
937,0.13778376579284668,,,,,,,,,,,,,,,,,
938,0.13790273666381836,,,,,,,,,,,,,,,,,
939,0.13802313804626465,,,,,,,,,,,,,,,,,
940,0.13814592361450195,,,,,,,,,,,,,,,,,
941,0.13826441764831543,,,,,,,,,,,,,,,,,
942,0.1383819580078125,,,,,,,,,,,,,,,,,
943,0.13852787017822266,,,,,,,,,,,,,,,,,
944,0.13864779472351074,,,,,,,,,,,,,,,,,
945,0.13877582550048828,,,,,,,,,,,,,,,,,
946,0.13892245292663574,,,,,,,,,,,,,,,,,
947,0.13904643058776855,,,,,,,,,,,,,,,,,
948,0.13916444778442383,,,,,,,,,,,,,,,,,
949,0.1392819881439209,,,,,,,,,,,,,,,,,
950,0.13939976692199707,,,,,,,,,,,,,,,,,
951,0.13953828811645508,,,,,,,,,,,,,,,,,
952,0.13965654373168945,,,,,,,,,,,,,,,,,
953,0.13979792594909668,,,,,,,,,,,,,,,,,
954,0.13991880416870117,,,,,,,,,,,,,,,,,
955,0.14003515243530273,,,,,,,,,,,,,,,,,
956,0.140150785446167,,,,,,,,,,,,,,,,,
957,0.14028000831604004,,,,,,,,,,,,,,,,,
958,0.1403980255126953,,,,,,,,,,,,,,,,,
959,0.1405336856842041,,,,,,,,,,,,,,,,,
960,0.14065194129943848,,,,,,,,,,,,,,,,,
961,0.14080095291137695,,,,,,,,,,,,,,,,,
962,0.1409311294555664,,,,,,,,,,,,,,,,,
963,0.14104986190795898,,,,,,,,,,,,,,,,,
964,0.14116787910461426,,,,,,,,,,,,,,,,,
965,0.14128470420837402,,,,,,,,,,,,,,,,,
966,0.1414012908935547,,,,,,,,,,,,,,,,,
967,0.14153838157653809,,,,,,,,,,,,,,,,,
968,0.1416616439819336,,,,,,,,,,,,,,,,,
969,0.14179611206054688,,,,,,,,,,,,,,,,,
970,0.14191293716430664,,,,,,,,,,,,,,,,,
971,0.1420292854309082,,,,,,,,,,,,,,,,,
972,0.14216971397399902,,,,,,,,,,,,,,,,,
973,0.14229321479797363,,,,,,,,,,,,,,,,,
974,0.1424098014831543,,,,,,,,,,,,,,,,,
975,0.1425940990447998,,,,,,,,,,,,,,,,,
976,0.14272308349609375,,,,,,,,,,,,,,,,,
977,0.14284706115722656,,,,,,,,,,,,,,,,,
978,0.14296364784240723,,,,,,,,,,,,,,,,,
979,0.14307904243469238,,,,,,,,,,,,,,,,,
980,0.14319491386413574,,,,,,,,,,,,,,,,,
981,0.1433100700378418,,,,,,,,,,,,,,,,,
982,0.1434316635131836,,,,,,,,,,,,,,,,,
983,0.14357256889343262,,,,,,,,,,,,,,,,,
984,0.14369440078735352,,,,,,,,,,,,,,,,,
985,0.14382696151733398,,,,,,,,,,,,,,,,,
986,0.14394688606262207,,,,,,,,,,,,,,,,,
987,0.14406442642211914,,,,,,,,,,,,,,,,,
988,0.14418292045593262,,,,,,,,,,,,,,,,,
989,0.14430904388427734,,,,,,,,,,,,,,,,,
990,0.14442992210388184,,,,,,,,,,,,,,,,,
991,0.14457082748413086,,,,,,,,,,,,,,,,,
992,0.14469027519226074,,,,,,,,,,,,,,,,,
993,0.14485454559326172,,,,,,,,,,,,,,,,,
994,0.14498686790466309,,,,,,,,,,,,,,,,,
995,0.14510393142700195,,,,,,,,,,,,,,,,,
996,0.14522600173950195,,,,,,,,,,,,,,,,,
997,0.14534235000610352,,,,,,,,,,,,,,,,,
998,0.1454756259918213,,,,,,,,,,,,,,,,,
999,0.14559531211853027,,,,,,,,,,,,,,,,,
1000,0.14572525024414062,,,,,,,,,,,,,,,,,
